Rk,Player,Pos,Age,Tm,G,GS,MP,FG,FGA,FG%,3P,3PA,3P%,2P,2PA,2P%,FT,FTA,FT%,ORB,DRB,TRB,AST,STL,BLK,TOV,PF,PTS
1,Shareef Abdur-Rahim,PF,29,SAC,72,30,1961,6.1,11.6,0.525,0.1,0.4,0.227,6,11.2,0.536,4,5.1,0.784,1.9,4.6,6.6,2.7,0.9,0.8,2,4.2,16.3
2,Alex Acker,SG,23,DET,5,0,35,4.1,16.5,0.25,1,5.1,0.2,3.1,11.3,0.273,0,0,,1,4.1,5.1,4.1,1,0,4.1,4.1,9.3
3,Malik Allen,PF,27,CHI,54,20,701,6.2,12.7,0.49,0.1,0.1,1,6.2,12.6,0.488,1.2,2,0.605,2.3,4.9,7.2,1,0.7,0.8,1.7,4.7,13.7
4,Ray Allen*,SG,30,SEA,78,78,3022,8.1,17.9,0.454,3.2,7.8,0.412,4.9,10.1,0.486,3.9,4.3,0.903,0.8,3.1,4,3.4,1.3,0.2,2.2,1.8,23.3
5,Tony Allen,PG,24,BOS,51,9,978,4.7,10.1,0.471,0.4,1.3,0.324,4.3,8.8,0.492,3.7,4.9,0.746,1.2,2.9,4.1,2.5,1.9,0.7,2.5,4.6,13.6
6,Rafer Alston,PG,29,HOU,63,63,2431,4.1,10.9,0.379,1.5,4.6,0.327,2.6,6.3,0.418,1.5,2.1,0.692,0.5,3.2,3.8,6.3,1.5,0.2,2.3,2.9,11.3
7,Chris Andersen,C,27,NOK,32,2,570,3.5,6.2,0.571,0,0,,3.5,6.2,0.571,3.1,6.5,0.476,3.9,5.9,9.8,0.4,0.5,2.6,1.6,5.3,10.2
8,Alan Anderson,SF,23,CHA,36,7,564,4.8,11.6,0.414,1.5,3.7,0.414,3.3,7.9,0.415,2.1,2.6,0.805,1.5,3,4.5,2,0.7,0.3,2,3.1,13.2
9,Derek Anderson,SG,31,TOT,43,11,1047,3.7,10.4,0.356,1.4,4.6,0.299,2.3,5.8,0.402,3.2,3.8,0.838,0.7,4.2,4.9,3.5,0.8,0.2,1.9,3.4,12
10,Shandon Anderson,SF,32,MIA,48,1,638,3,7.1,0.429,0.3,1.1,0.263,2.8,6,0.458,0.7,1,0.722,1,3.6,4.6,1.7,1,0.3,1.4,4.2,7.1
11,Martynas Andriuškevičius,C,19,CLE,6,0,9,0,4,0,0,0,,0,4,0,0,0,,4,12,16,0,8,0,0,4,0
12,Carmelo Anthony,SF,21,DEN,80,80,2941,9.3,19.2,0.481,0.5,1.9,0.243,8.8,17.4,0.506,7,8.7,0.808,1.5,3.3,4.8,2.6,1.1,0.5,2.7,2.8,26
13,Rafael Araújo,C,25,TOR,52,34,601,3.2,8.7,0.366,0,0.1,0,3.2,8.6,0.368,0.9,1.7,0.536,2.6,6,8.6,0.9,1.4,0.4,2.5,6.2,7.2
14,Gilbert Arenas,PG,24,WAS,80,80,3384,7.9,17.7,0.447,2.1,5.7,0.369,5.8,12,0.485,7,8.5,0.82,0.6,2.4,3,5.1,1.7,0.3,3.2,3,25
15,Trevor Ariza,SF,20,TOT,57,10,999,3.4,8.1,0.412,0,0.2,0.2,3.3,8,0.416,2.8,4.6,0.606,2.8,5,7.9,2.2,2.1,0.4,2.2,3.6,9.5
16,Darrell Armstrong,PG,37,DAL,62,2,622,2.5,7.4,0.336,0.6,2.8,0.229,1.9,4.6,0.4,1.9,2.4,0.786,1,3.6,4.7,5,1.6,0.2,3.4,4.1,7.5
17,Carlos Arroyo,PG-SG,26,TOT,77,0,1194,5.1,11.4,0.444,0.2,0.6,0.35,4.9,10.8,0.45,3.2,4.1,0.774,1,2.9,3.9,7,1.1,0.1,2.5,3.6,13.5
18,Chucky Atkins,PG-SG,31,TOT,71,41,1713,4.7,12,0.394,2,5.8,0.354,2.7,6.3,0.431,2.7,3.4,0.791,0.5,2,2.5,4.2,0.9,0,1.8,3.2,14.2
19,Stacey Augmon,SF,37,ORL,36,3,385,2.3,6.8,0.342,0,0,,2.3,6.8,0.342,2,2.8,0.7,1.7,3.3,5,2.2,1.1,0.6,1,3.7,6.6
20,Vin Baker,C,34,LAC,8,1,85,3,6.4,0.467,0,0,,3,6.4,0.467,5.5,7.6,0.722,0.8,7.2,8,1.7,1.7,1.7,3.8,5.5,11.4
21,Marcus Banks,PG,24,TOT,58,29,1497,5.3,11.3,0.468,0.5,1.5,0.349,4.7,9.7,0.486,2.8,3.5,0.803,0.6,2.7,3.2,5.3,1.3,0.3,2.9,3.9,13.9
22,Leandro Barbosa,SG,23,PHO,57,11,1592,6.2,12.8,0.481,2,4.4,0.444,4.2,8.4,0.501,2.5,3.3,0.755,0.7,2.7,3.4,3.6,1.1,0.1,2,3.3,16.8
23,Matt Barnes,PF-SF,25,TOT,56,5,631,4,8,0.5,0.2,0.9,0.2,3.8,7.1,0.536,1.8,2.7,0.681,2.7,4.2,6.9,1.6,1.1,0.4,1.7,5.7,10
24,Andre Barrett,PG,23,TOT,19,0,282,4.9,13.3,0.365,0.3,1.8,0.143,4.6,11.5,0.4,1.1,1.5,0.75,1.1,2,3.2,6.6,1.3,0,1.9,1.7,11.1
25,Earl Barron,C,24,MIA,8,0,45,4,12.8,0.313,0,0,,4,12.8,0.313,2.4,3.2,0.75,1.6,6.4,8,0,0,0,4,8,10.4
26,Brent Barry,SG,34,SAS,74,5,1259,4.5,9.9,0.452,2.3,5.8,0.396,2.2,4.1,0.531,1.1,1.7,0.661,0.8,3.7,4.5,3.5,1.1,0.8,1.5,2.8,12.3
27,Jon Barry,SG,36,HOU,20,0,342,2.6,6.8,0.385,1.3,3.4,0.375,1.4,3.5,0.394,2.5,3.1,0.828,0.1,3.2,3.3,2.7,1.4,0.1,2.3,2.6,9.1
28,Eddie Basden,SF,22,CHI,19,0,141,3.8,9.4,0.405,0.3,1.8,0.143,3.6,7.7,0.467,2,2.6,0.8,1.8,5.4,7.1,2,2.3,0.5,2.3,4.3,10
29,Brandon Bass,PF,20,NOK,29,1,268,3.8,9.4,0.4,0,0,,3.8,9.4,0.4,1.6,2.6,0.632,2.4,6.7,9.1,0.4,0.4,0.9,1.5,2.4,9.1
30,Esteban Batista,PF,22,ATL,57,3,495,2.5,5.8,0.425,0,0.1,0,2.5,5.7,0.43,2.4,3.9,0.623,4.4,6,10.5,0.5,1.1,0.8,2.8,8.1,7.3
31,Tony Battie,C,29,ORL,82,82,2215,4.6,9,0.507,0,0.1,0,4.6,8.9,0.513,1.4,2.2,0.664,2.4,5.1,7.4,0.8,0.7,1.1,1.4,4.1,10.5
32,Shane Battier,SF,27,MEM,81,81,2839,3.8,7.9,0.488,0.8,2.1,0.394,3,5.8,0.522,1.9,2.6,0.707,2.1,3.4,5.4,1.7,1.2,1.4,1.1,2.8,10.4
33,Lonny Baxter,C-PF,27,TOT,41,0,400,4.1,9.4,0.433,0,0,,4.1,9.4,0.433,2.5,3.2,0.8,4.1,6.5,10.5,0.4,1,0.7,1.8,5,10.6
34,Charlie Bell,SG,26,MIL,59,6,1283,5.1,11.5,0.439,2,4.7,0.423,3.1,6.8,0.45,1.8,2.5,0.708,0.6,2.8,3.4,3.6,1.7,0.1,1.2,3.5,13.9
35,Raja Bell,SG,29,PHO,79,79,2959,5.2,11.3,0.457,2.4,5.4,0.442,2.8,5.9,0.471,1.4,1.8,0.788,0.5,2.5,3.1,2.5,0.9,0.3,1.1,3,14.1
36,Jonathan Bender,SF,25,IND,2,0,21,6.9,8.6,0.8,0,0,,6.9,8.6,0.8,3.4,3.4,1,0,6.9,6.9,3.4,0,1.7,0,3.4,17.1
37,Mike Bibby,PG,27,SAC,82,82,3167,6.8,15.7,0.432,2.2,5.6,0.386,4.6,10.1,0.458,3.9,4.6,0.849,0.3,2.4,2.7,5,0.9,0.1,2.3,1.9,19.6
38,Andris Biedriņš,C,19,GSW,68,2,1000,4.2,6.7,0.638,0,0,,4.2,6.7,0.638,0.8,2.6,0.306,4.5,5.7,10.2,0.9,0.8,1.7,1.2,6.8,9.3
39,Chauncey Billups,PG,29,DET,81,81,2925,5.2,12.5,0.418,2.3,5.2,0.433,2.9,7.2,0.407,5.7,6.4,0.894,0.5,2.6,3.1,8.6,0.9,0.1,2.1,2,18.4
40,Steve Blake,PG,25,POR,68,57,1781,4.2,9.5,0.438,1.5,3.7,0.413,2.6,5.8,0.455,1.5,1.8,0.791,0.5,2.4,3,6.2,0.8,0.1,1.7,2.2,11.3
41,Andray Blatche,PF,19,WAS,29,0,175,5.3,13.8,0.388,0.6,2.7,0.231,4.7,11.1,0.426,2.1,2.5,0.833,2.5,5.3,7.8,2.1,1,1.4,2.5,7.4,13.4
42,Mark Blount,C,30,TOT,81,55,2240,6,11.8,0.508,0,0,,6,11.8,0.508,2.7,3.6,0.757,1.5,4.3,5.9,1.6,0.6,1.2,3.1,4.1,14.7
43,Keith Bogans,SG-SF,25,TOT,72,31,1912,4,10.2,0.395,1.2,3.8,0.325,2.8,6.5,0.436,2.4,3.5,0.683,1,3.8,4.8,2.4,1.3,0.2,1.7,3.1,11.7
44,Andrew Bogut,PF,21,MIL,82,77,2348,5,9.3,0.533,0,0,0,5,9.2,0.536,1.9,3,0.629,2.9,5.9,8.8,2.9,0.8,1,1.9,4,11.8
45,Matt Bonner,PF,25,TOR,78,6,1710,4.4,9.8,0.448,2.1,5.1,0.42,2.3,4.7,0.478,1.3,1.6,0.829,1.8,4.2,6,1.2,1,0.7,0.7,4.5,12.3
46,Calvin Booth,C,29,WAS,33,2,250,2.9,6.8,0.426,0.1,0.3,0.5,2.7,6.5,0.422,0.7,1.3,0.556,2.7,4.8,7.5,1.7,1.3,1.3,1.2,6.3,6.6
47,Carlos Boozer,PF,24,UTA,33,19,1025,7.7,14,0.549,0,0,,7.7,14,0.549,3.5,4.8,0.723,2.6,7.4,10,3.1,1.1,0.3,2.4,3.7,18.9
48,Chris Bosh,C,21,TOR,70,70,2751,7.2,14.2,0.505,0,0.2,0,7.2,14.1,0.511,6.2,7.6,0.816,2.7,5.8,8.5,2.4,0.7,1,2.1,2.7,20.6
49,Bruce Bowen,SF,34,SAS,82,82,2755,3,7,0.433,1.4,3.2,0.424,1.7,3.8,0.44,0.7,1.1,0.607,0.5,3.7,4.2,1.6,1,0.4,0.9,2.5,8.1
50,Ryan Bowen,SF,30,HOU,68,19,652,2,6.8,0.298,0.2,1.2,0.136,1.9,5.6,0.333,0.6,0.8,0.786,1.7,3.1,4.9,1.3,1.2,0.3,0.7,4.7,4.9
51,Earl Boykins,PG,29,DEN,60,0,1542,6.3,15.4,0.41,1.4,4.2,0.346,4.9,11.3,0.434,3.5,4.1,0.874,0.5,1.4,1.9,5.4,1.1,0.1,1.9,1.7,17.6
52,Michael Bradley,PF,26,PHI,46,1,367,3.1,7.7,0.405,0.1,0.5,0.2,3,7.3,0.419,0.2,0.3,0.667,3.9,6.6,10.5,1.7,0.5,0.7,1.9,3.8,6.6
53,Elton Brand,PF,26,LAC,79,79,3099,8.8,16.7,0.527,0,0,0.333,8.8,16.6,0.527,5.1,6.6,0.775,2.7,6.4,9.2,2.4,0.9,2.3,2,2.6,22.7
54,Primož Brezec,C,26,CHA,79,79,2165,6.8,13.2,0.517,0,0,0,6.8,13.1,0.518,2.7,3.7,0.732,3,4.3,7.3,0.7,0.3,0.5,1.4,3.8,16.3
55,Devin Brown,SG,27,UTA,81,14,1711,4.4,11.1,0.393,0.8,2.5,0.331,3.5,8.6,0.411,3.3,4.5,0.745,1.5,2.8,4.4,2.2,0.9,0.3,2.1,3.2,12.9
56,Kwame Brown,C,23,LAL,72,49,1978,3.7,7.1,0.526,0,0,0,3.7,7,0.527,2.3,4.3,0.545,3.3,5.3,8.6,1.3,0.5,0.8,1.8,3.6,9.8
57,P.J. Brown,C,36,NOK,75,73,2380,4.1,8.8,0.461,0,0,,4.1,8.8,0.461,2.1,2.5,0.827,2.8,5.5,8.3,1.4,0.7,0.8,1.4,3.3,10.2
58,Rick Brunson,PG,33,TOT,27,0,246,3.1,7.9,0.389,0.7,1.9,0.385,2.3,6,0.39,1,1.8,0.583,0.1,3.1,3.2,5.1,1.2,0.1,3.2,3.2,7.9
59,Kobe Bryant*,SG,27,LAL,80,80,3277,10.7,23.9,0.45,2,5.7,0.347,8.8,18.2,0.482,7.6,9,0.85,0.8,3.9,4.7,4,1.6,0.3,2.7,2.6,31.1
60,Greg Buckner,SG,29,DEN,73,27,1758,3.7,8.5,0.434,1.8,5,0.354,1.9,3.6,0.546,0.9,1.1,0.782,0.6,3.6,4.3,2.6,1.8,0.4,1.1,3.7,10.1
61,Pat Burke,C,32,PHO,42,0,346,6.6,13.2,0.496,0.2,0.7,0.286,6.3,12.5,0.508,1.4,2.2,0.619,2.2,5.4,7.6,1.7,0.6,1.4,3.4,6.5,14.7
62,Antonio Burks,PG,25,MEM,57,1,570,3.2,9.1,0.354,0.1,0.4,0.167,3.2,8.7,0.362,0.6,1.5,0.435,0.3,2.1,2.3,4.8,1.3,0,2.3,2.8,7.1
63,Kevin Burleson,PG,26,CHA,39,1,340,2.3,9.3,0.25,1.1,5.7,0.185,1.3,3.6,0.353,1.7,1.8,0.941,0.4,2.3,2.8,5.1,2.8,0.2,2.6,6.7,7.4
64,Caron Butler,SF,25,WAS,75,54,2708,6.6,14.4,0.455,0.5,1.6,0.342,6,12.8,0.469,3.8,4.4,0.87,1.5,4.7,6.2,2.5,1.7,0.2,2.3,3.2,17.5
65,Jackie Butler,C,20,NYK,55,0,740,5.7,10.5,0.544,0,0,,5.7,10.5,0.544,2.8,3.7,0.753,3.3,5.6,8.9,1.2,0.8,1.5,3,6.2,14.2
66,Rasual Butler,SF,26,NOK,79,20,1875,4.9,12.2,0.406,1.8,4.6,0.38,3.2,7.5,0.422,1.5,2.2,0.693,1,3.5,4.5,0.8,0.6,0.9,1.2,2.7,13.2
67,Andrew Bynum,C,18,LAL,46,0,338,3.5,8.7,0.402,0,0,,3.5,8.7,0.402,0.9,2.9,0.296,3.6,4.9,8.5,1,0.4,2.3,1.8,6,7.9
68,Will Bynum,PG,23,GSW,15,0,162,4.7,11.6,0.404,0.4,2,0.222,4.2,9.6,0.442,2.2,3.6,0.625,0.7,2,2.7,4.2,1.6,0,3.1,2.2,12
69,Žarko Čabarkapa,PF,24,GSW,61,0,505,4.8,12.4,0.385,0.4,1.4,0.25,4.4,11,0.403,4.3,6,0.714,2.6,5.3,7.9,1.4,0.9,0.5,2.5,6.2,14.2
70,José Calderón,SG,24,TOR,64,11,1487,3.2,7.6,0.423,0.2,1,0.163,3,6.5,0.465,1.9,2.2,0.848,0.7,2.7,3.4,7,1,0.1,2.4,2.3,8.4
71,Marcus Camby,C,31,DEN,56,54,1857,5.9,12.6,0.465,0,0.2,0.091,5.8,12.4,0.472,2.2,3,0.712,2.6,10.4,12.9,2.2,1.5,3.6,1.8,3.1,13.9
72,Brian Cardinal,PF,28,MEM,36,0,402,4.1,9.9,0.414,1.2,2.6,0.448,3,7.3,0.402,1.7,2.4,0.704,1,3.9,4.9,3,2.1,0,2.4,5.8,11.1
73,Matt Carroll,SG,25,CHA,78,6,1275,5.4,13.4,0.403,2,5.2,0.389,3.4,8.2,0.412,3.9,4.7,0.821,1,3.5,4.4,1,1.3,0.3,1.4,3.4,16.8
74,Anthony Carter,PG,30,MIN,45,8,589,3.2,8.4,0.387,0.2,0.9,0.267,3,7.5,0.402,2.4,3.4,0.727,0.6,3.2,3.8,6.2,1.5,0.6,2.4,4.3,9.2
75,Vince Carter,SG,29,NJN,79,79,2906,8.1,18.8,0.43,1.5,4.5,0.341,6.5,14.3,0.459,5.9,7.4,0.799,1.7,4.1,5.7,4.2,1.2,0.7,2.6,2.9,23.7
76,Sam Cassell,PG,36,LAC,78,75,2653,6.7,15.1,0.443,0.9,2.6,0.368,5.7,12.5,0.459,3.9,4.5,0.863,0.5,3.4,3.9,6.7,1,0.1,2.4,3.1,18.3
77,Kelvin Cato,C,31,TOT,27,0,333,3.9,9.1,0.429,0,0,,3.9,9.1,0.429,2.8,3.8,0.743,2.2,5.4,7.6,0.4,0.6,1.3,1.9,5.6,10.6
78,Tyson Chandler,C,23,CHI,79,50,2121,2.7,4.8,0.565,0,0,0,2.7,4.8,0.567,1.6,3.3,0.503,4.5,7.6,12.1,1.4,0.7,1.8,2.1,5.1,7.1
79,Calbert Cheaney,SF,34,GSW,42,0,448,3.4,8.7,0.389,0,0.6,0,3.4,8,0.42,0.6,0.6,1,1.6,3.3,4.9,1.5,1,0.2,1.4,3.1,7.4
80,Josh Childress,SF,22,ATL,74,10,2249,4.4,8.1,0.552,0.5,1,0.492,3.9,7,0.56,2.5,3.2,0.766,2.1,4,6.2,2.1,1.4,0.6,1.6,2.9,11.9
81,Doug Christie,SG,35,DAL,7,7,185,1.8,5.1,0.346,0,0.2,0,1.8,4.9,0.36,1.6,2.3,0.667,0.4,2.1,2.5,2.7,1.8,0.2,1.2,1.9,5.1
82,Speedy Claxton,PG,27,NOK,71,3,2019,5.4,13.1,0.413,0.3,1.1,0.27,5.1,12,0.426,4.4,5.7,0.769,0.7,2.7,3.4,6,1.9,0.1,2.7,3.2,15.5
83,Mateen Cleaves,PG,28,SEA,27,0,230,3.9,11.1,0.352,0.6,2.5,0.25,3.3,8.6,0.382,3,3.8,0.792,0.3,1.9,2.2,6.6,0.5,0.3,2.2,4.7,11.4
84,Jarron Collins,C,27,UTA,79,41,1730,2.7,5.8,0.461,0,0,,2.7,5.8,0.461,3.3,4.6,0.717,2.8,4.1,6.9,2,0.7,0.6,1.3,5.2,8.6
85,Jason Collins,C,27,NJN,71,70,1895,2,5,0.397,0.1,0.2,0.25,1.9,4.7,0.404,0.8,1.6,0.512,1.8,4.7,6.5,1.3,0.9,0.8,1.2,4.8,4.8
86,Nick Collison,PF,25,SEA,66,27,1448,5.1,9.8,0.525,0,0.1,0,5.1,9.7,0.529,2,2.8,0.699,3.6,5.6,9.1,1.8,0.5,0.9,1.9,5.3,12.3
87,Brian Cook,PF,25,LAL,81,46,1535,6.1,12,0.511,0.8,2,0.429,5.3,10,0.527,2,2.4,0.832,2.1,4.4,6.4,1.7,0.9,0.8,1.4,4.8,15.1
88,Jamal Crawford,SG,25,NYK,79,27,2555,5.2,12.4,0.416,1.4,4.1,0.345,3.7,8.3,0.452,4.2,5,0.826,0.5,3,3.5,4.2,1.2,0.2,2.5,2.1,15.9
89,Austin Croshere,PF,30,IND,50,26,1148,4.1,8.9,0.463,1.7,4.4,0.386,2.4,4.5,0.538,2.8,3.2,0.882,1.9,6.4,8.3,1.9,0.7,0.2,1.5,3.3,12.8
90,Eddy Curry,C,23,NYK,72,69,1865,6.5,11.5,0.563,0,0,,6.5,11.5,0.563,5.9,9.4,0.632,2.8,5.5,8.3,0.4,0.5,1.1,3.5,4.6,18.9
91,Samuel Dalembert,C,24,PHI,66,52,1761,4,7.5,0.531,0,0,0,4,7.5,0.533,1.9,2.7,0.705,3.3,7.8,11.1,0.5,0.7,3.3,2.2,5,9.9
92,Erick Dampier,C,30,DAL,82,36,1934,3.2,6.5,0.493,0,0,,3.2,6.5,0.493,2.4,4,0.591,5.1,6.8,11.9,0.9,0.5,2,2.1,4.9,8.7
93,Antonio Daniels,SG,30,WAS,80,17,2283,3.6,8.7,0.418,0.4,1.6,0.228,3.3,7.1,0.461,4.5,5.3,0.845,0.3,2.4,2.7,4.5,0.8,0.1,1.4,1.5,12.1
94,Marquis Daniels,SG,25,DAL,62,29,1766,5,10.4,0.48,0.1,0.4,0.211,4.9,10,0.491,2.8,3.7,0.754,1.7,2.9,4.6,3.5,1.4,0.3,2,2.9,12.9
95,Antonio Davis,PF-C,37,TOT,44,39,940,3.1,7.3,0.432,0,0,0,3.1,7.2,0.434,2,3.1,0.642,3.4,4.5,8,0.8,0.9,0.4,2,4.8,8.3
96,Baron Davis,PG,26,GSW,54,48,1971,6.1,15.7,0.389,1.9,5.9,0.315,4.3,9.8,0.434,3.6,5.3,0.675,0.8,3.5,4.3,8.8,1.6,0.3,2.9,3,17.7
97,Dale Davis,C,36,DET,28,2,178,1.8,4.9,0.375,0,0.2,0,1.8,4.7,0.391,1.6,3,0.533,4.2,6.5,10.7,1.2,0,1.8,0.8,4.7,5.3
98,Josh Davis,PF,25,TOT,6,0,17,4.2,14.8,0.286,0,4.2,0,4.2,10.6,0.4,4.2,6.4,0.667,6.4,2.1,8.5,2.1,4.2,0,2.1,6.4,12.7
99,Ricky Davis,SG-SF,26,TOT,78,78,3207,6.6,14.6,0.448,0.8,2.7,0.302,5.7,11.9,0.481,3.1,3.9,0.797,0.7,3.2,3.9,4.4,1,0.2,2.4,2.1,17
100,Carlos Delfino,SG,23,DET,68,1,726,4.5,11.2,0.403,1,3,0.333,3.5,8.2,0.428,2.2,3.3,0.672,1.4,4.2,5.6,2.2,1,0.7,1.8,4.3,12.2
101,Tony Delk,PG-SG,32,TOT,24,0,385,6.6,15.1,0.441,1.9,4.4,0.426,4.8,10.7,0.447,1.9,2.5,0.741,1.3,3.6,5,3.1,1.2,0.1,1.8,2.6,17
102,Luol Deng,SF,20,CHI,78,56,2604,6.1,13.2,0.463,0.3,1.1,0.269,5.8,12.1,0.481,2.9,3.8,0.75,1.8,5.4,7.1,2,1,0.7,1.5,1.8,15.4
103,Boris Diaw,PF,23,PHO,81,70,2874,5.6,10.7,0.526,0.1,0.4,0.267,5.5,10.3,0.536,2.2,3,0.731,2,5,7,6.3,0.7,1.1,2.4,3.3,13.5
104,Dan Dickau,PG,27,BOS,19,0,234,2.6,7.1,0.37,1.5,3.1,0.5,1.1,4,0.269,2.8,2.8,1,0.8,1.7,2.5,6.2,1.7,0.2,2.8,6.2,9.5
105,Travis Diener,PG,23,ORL,23,0,246,4.2,10.1,0.42,3.7,8.3,0.439,0.6,1.8,0.333,0.7,0.9,0.833,0.6,2.5,3.1,2.3,1,0,1.5,3.2,12.9
106,Ike Diogu,PF,22,GSW,69,14,1031,6.1,11.7,0.524,0,0,,6.1,11.7,0.524,4.7,5.9,0.81,3.3,4.7,8,1,0.5,1,2.7,5.7,17
107,DeSagana Diop,C,24,DAL,81,45,1510,1.8,3.7,0.487,0,0,0.5,1.8,3.6,0.487,0.9,1.7,0.542,3.5,5.5,8.9,0.5,1,3.5,0.9,6,4.5
108,Juan Dixon,SG,27,POR,76,42,1920,6.7,15.4,0.435,1.2,3.2,0.382,5.5,12.2,0.449,2.9,3.6,0.804,0.6,2.8,3.3,2.8,1.1,0.1,2.1,2.9,17.5
109,Michael Doleac,C,28,MIA,31,3,371,3.6,8.5,0.42,0,0,,3.6,8.5,0.42,2.3,2.9,0.8,2.2,6,8.2,0.8,1,0.7,1.4,4.4,9.5
110,Keyon Dooling,PG,25,ORL,50,7,1137,5.6,12.8,0.44,0.4,1.4,0.302,5.2,11.5,0.456,3.2,3.8,0.835,0.3,2.1,2.5,3.5,1.6,0.1,2.6,3.7,14.9
111,Chris Duhon,PG,23,CHI,74,38,2155,3.6,9,0.4,1.7,4.6,0.36,1.9,4.3,0.442,2,2.4,0.818,0.5,3.2,3.7,6.2,1.2,0.1,2,2.5,10.8
112,Tim Duncan*,PF,29,SAS,80,80,2784,7.4,15.3,0.484,0,0.1,0.4,7.4,15.3,0.485,4.3,6.9,0.629,3,8.4,11.4,3.3,0.9,2.1,2.6,2.8,19.2
113,Mike Dunleavy,SF,25,GSW,81,68,2578,4.6,11.4,0.406,1,3.6,0.285,3.6,7.8,0.462,2.7,3.5,0.778,1.1,4.5,5.6,3.3,0.8,0.4,1.7,2.8,13
114,Ronald Dupree,SF,25,MIN,36,0,265,4.5,8.6,0.524,0,0.1,0,4.5,8.4,0.532,1.9,5.6,0.341,2.9,3.8,6.7,1.9,1.6,0,1.9,6,10.9
115,John Edwards,C,24,ATL,40,4,296,3.8,7.8,0.484,0,0,,3.8,7.8,0.484,1,1.3,0.727,2.2,3.6,5.8,0.6,0.4,1.8,1.5,9.2,8.5
116,Howard Eisley,PG,33,TOT,32,0,394,3.1,9.4,0.33,1.2,3.8,0.31,1.9,5.6,0.344,1.8,2.2,0.833,0.3,2.7,3,6.3,1,0.2,1.9,3.1,9.2
117,Monta Ellis,SG,20,GSW,49,3,886,5.4,12.9,0.415,1.1,3.3,0.341,4.2,9.6,0.441,1.7,2.4,0.712,0.9,3.4,4.3,3.2,1.3,0.4,2.4,2.8,13.6
118,Francisco Elson,C,29,DEN,72,54,1579,3.4,6.5,0.532,0,0.1,0.2,3.4,6.4,0.538,1.1,1.7,0.662,2.3,5.5,7.7,1.1,1.2,1,1.5,4.8,8
119,Melvin Ely,PF,27,CHA,57,22,1348,5.8,11.4,0.508,0,0.1,0,5.8,11.3,0.511,3.4,5.1,0.667,2.5,4.9,7.4,2,0.8,1.2,2.7,4.3,15
120,Maurice Evans,SG,27,DET,80,1,1139,4.9,10.8,0.452,1.4,3.7,0.371,3.5,7.1,0.493,1.6,2.1,0.8,2.4,2.7,5.2,1.9,1.3,0.5,1.2,3.9,12.7
121,Reggie Evans,PF,25,TOT,67,25,1393,3.4,6.9,0.489,0,0,0,3.4,6.9,0.491,3,5.6,0.53,4.4,8.6,13,1,1,0.3,2.2,4.3,9.7
122,Daniel Ewing,SG,22,LAC,66,5,971,3.6,9.5,0.38,0.8,2.9,0.282,2.8,6.6,0.424,1.3,1.7,0.783,0.9,2.3,3.2,3.1,1.4,0.2,2.1,3.2,9.3
123,Noel Felix,SF,24,SEA,12,0,82,2.6,11,0.24,0.4,1.3,0.333,2.2,9.7,0.227,2.2,3.5,0.625,1.3,4.4,5.7,0.9,0.9,1.3,3.5,5.7,7.9
124,Raymond Felton,PG,21,CHA,80,54,2406,5.2,13.2,0.391,1.5,4.1,0.358,3.7,9.2,0.405,2.4,3.3,0.725,1.2,2.8,4,6.7,1.5,0.1,2.7,2.7,14.2
125,Michael Finley,SG,32,SAS,77,18,2038,5.1,12.3,0.412,1.9,4.9,0.394,3.1,7.3,0.423,1.7,2,0.852,0.5,3.8,4.4,2,0.7,0.1,1.1,1.7,13.8
126,Derek Fisher,PG,31,GSW,82,36,2589,5.1,12.3,0.41,1.6,4.1,0.397,3.4,8.2,0.417,3.4,4.1,0.833,0.5,2.4,2.9,4.9,1.7,0.1,2.2,3.3,15.1
127,Gerald Fitch,PG,23,MIA,18,1,239,4.5,13.4,0.337,1.1,3.9,0.269,3.5,9.5,0.365,2.6,3.5,0.739,1.1,3.5,4.5,5,1.1,0.8,2.3,4.2,12.7
128,Marcus Fizer,PF,27,NOK,3,0,39,8.3,15.7,0.529,0.9,0.9,1,7.4,14.8,0.5,0.9,1.8,0.5,0.9,5.5,6.5,0.9,0,0,1.8,4.6,18.5
129,Sharrod Ford,PF,24,PHO,3,0,13,5.5,8.3,0.667,0,0,,5.5,8.3,0.667,0,0,,2.8,5.5,8.3,0,0,2.8,5.5,19.4,11.1
130,T.J. Ford,PG,22,MIL,72,70,2557,4.6,11.1,0.416,0.5,1.5,0.337,4.1,9.6,0.428,2.6,3.5,0.754,0.9,3.5,4.4,6.7,1.5,0.1,3.1,2.8,12.4
131,Danny Fortson,C,29,SEA,23,1,276,3.5,6.7,0.529,0,0,,3.5,6.7,0.529,4.3,5.6,0.767,4,6.1,10.2,0.3,0.5,0.3,3.4,9.9,11.3
132,Jeff Foster,C,29,IND,63,37,1581,3.1,5.7,0.552,0,0.1,0,3.1,5.6,0.561,2.2,3.6,0.604,5.1,8,13.1,1.1,0.9,0.6,1.5,4.3,8.5
133,Adonal Foyle,C,30,GSW,77,72,1824,3,5.9,0.507,0,0,,3,5.9,0.507,0.8,1.3,0.612,2.8,5.5,8.4,0.7,0.9,2.5,1.6,4.2,6.8
134,Richie Frahm,SG,28,TOT,33,0,342,4.1,10.5,0.39,2.4,7.4,0.329,1.7,3.2,0.533,0.7,1.1,0.7,0.3,3.2,3.5,2.2,0.4,0.2,0.8,3.2,11.4
135,Steve Francis,PG-SG,28,TOT,70,60,2393,5,11.5,0.435,0.4,1.2,0.301,4.6,10.3,0.452,4.7,6,0.787,1.1,3.2,4.4,5.2,1.1,0.3,3.2,3.1,15.1
136,Channing Frye,C,22,NYK,65,14,1572,7,14.7,0.477,0.1,0.2,0.333,6.9,14.5,0.479,4.3,5.2,0.825,3.2,5.4,8.6,1.2,0.7,1.1,2.2,4.6,18.4
137,Dan Gadzuric,C,27,MIL,74,0,885,7,12.6,0.553,0,0,0,7,12.5,0.555,1.7,3.6,0.461,3.7,5.7,9.4,1,1,1.7,1.4,7,15.6
138,Deng Gai,C,23,PHI,2,0,5,0,0,,0,0,,0,0,,0,0,,0,0,0,0,0,0,0,0,0
139,Reece Gaines,PG,25,MIL,12,0,54,4,8,0.5,0,1.3,0,4,6.7,0.6,0.7,2.7,0.25,0,0,0,2,0.7,0,0.7,0.7,8.7
140,Francisco García,SF,24,SAC,67,11,1301,3.6,9,0.4,1.1,3.8,0.285,2.5,5.2,0.484,2.2,2.8,0.772,1.1,4,5.1,2.6,1.1,1.3,2.1,3.7,10.4
141,Kevin Garnett*,PF,29,MIN,76,76,2957,7.6,14.5,0.526,0.1,0.4,0.267,7.5,14.1,0.532,4.8,6,0.81,2.6,9.2,11.8,3.7,1.3,1.3,2.2,2.5,20.2
142,Pat Garrity,PF,29,ORL,57,0,938,3.9,9.3,0.417,1.9,5,0.388,2,4.3,0.451,1.2,1.4,0.811,1.2,3,4.1,1.5,0.5,0.3,1.5,4.1,10.8
143,Pau Gasol,PF,25,MEM,80,80,3135,6.9,13.7,0.503,0,0.1,0.25,6.9,13.6,0.505,4.9,7.1,0.689,2.2,6,8.2,4.3,0.5,1.8,2.7,2.1,18.7
144,Devean George,SF,28,LAL,71,5,1542,4,9.9,0.4,1.2,3.7,0.313,2.8,6.2,0.453,1.4,2,0.674,1.9,4.5,6.4,1.6,1.5,0.8,1.3,3.7,10.5
145,Eddie Gill,PG,27,IND,41,0,122,3,13.3,0.222,2.1,6.8,0.304,0.9,6.5,0.136,5.3,6.8,0.783,0,4.4,4.4,3.5,3.2,0.3,2.7,3.8,13.3
146,Manu Ginóbili,SG,28,SAS,65,56,1813,6.1,13.3,0.462,1.6,4.3,0.382,4.5,9,0.5,5.6,7.1,0.778,0.8,3.7,4.6,4.7,2,0.5,2.4,3.1,19.5
147,Gordan Giriček,SG,28,UTA,37,36,956,6.3,14.4,0.433,0.7,2.2,0.305,5.6,12.2,0.457,1.6,2.1,0.754,0.6,2.1,2.6,2.4,0.6,0.2,2.4,3.3,14.8
148,Anthony Goldwire,PG,34,LAC,3,0,22,1.6,11.5,0.143,0,3.3,0,1.6,8.2,0.2,0,0,,0,1.6,1.6,3.3,0,0,1.6,0,3.3
149,Ryan Gomes,PF,23,BOS,61,33,1376,4.5,9.3,0.487,0.1,0.2,0.333,4.4,9.1,0.491,2.9,3.9,0.752,2.7,5.1,7.8,1.5,0.9,0.1,1.4,2.2,12.1
150,Drew Gooden,PF,24,CLE,79,79,2174,5.5,10.8,0.512,0,0,0.333,5.5,10.7,0.513,2.9,4.3,0.682,3.9,7.1,11,0.9,0.9,0.8,1.8,3.1,14
151,Ben Gordon,SG,22,CHI,80,47,2482,7,16.7,0.422,2.4,5.5,0.435,4.6,11.2,0.416,3.1,3.9,0.787,0.6,2.6,3.2,3.5,1.1,0.1,2.6,3.5,19.6
152,Joey Graham,SF,23,TOR,80,24,1581,4.5,9.4,0.478,0.7,2,0.333,3.8,7.4,0.517,2.5,3,0.812,1.3,4.3,5.6,1.4,0.8,0.3,2.1,5.2,12.1
153,Stephen Graham,SG,23,TOT,22,0,175,4.3,11.1,0.389,0.4,2.1,0.2,3.9,9.1,0.432,2.9,3.1,0.933,1,4.5,5.6,1.4,1,0.4,2.7,6.4,11.9
154,Danny Granger,SF,22,IND,78,17,1765,4.5,9.7,0.462,0.6,1.9,0.323,3.9,7.9,0.496,2.3,3,0.777,2.7,5.2,7.8,1.8,1.2,1.3,1.6,4.3,12
155,Brian Grant,C,33,PHO,21,2,248,3.9,9.4,0.415,0,0,,3.9,9.4,0.415,1,1.2,0.875,1.6,6.7,8.3,1,0.7,0.4,1,6.5,8.9
156,Devin Green,SG,23,LAL,27,0,135,1.6,7.5,0.214,0,0.5,0,1.6,6.9,0.231,3.5,5.6,0.619,2.7,3.7,6.4,1.9,0.8,0,1.3,3.5,6.7
157,Gerald Green,SG,20,BOS,32,3,374,6.4,13.3,0.478,0.6,1.9,0.3,5.8,11.4,0.508,2.8,3.6,0.784,1,3,3.9,1.7,1.3,0.4,2.1,3.9,16.1
158,Willie Green,SG,24,PHI,10,2,153,6.6,15.5,0.424,2.4,4.5,0.526,4.2,11.1,0.383,0.9,1.2,0.8,0.2,3.3,3.5,1.2,0.5,0,2.8,3.1,16.5
159,Orien Greene,PG,23,BOS,80,5,1235,2.9,7.4,0.395,0.3,1.2,0.225,2.7,6.2,0.427,1.3,2,0.662,1.1,3.1,4.2,3.8,2.2,0.3,3.2,5.3,7.4
160,Adrian Griffin,SG,31,DAL,52,45,1245,2.8,5.9,0.48,0,0.1,0,2.8,5.8,0.485,1.2,1.5,0.774,2.2,4.4,6.6,2.6,1.5,0.3,1.1,3.3,6.9
161,Eddie Griffin,C,23,MIN,70,27,1359,3.4,9.8,0.351,0.4,2.2,0.195,3,7.6,0.396,1.2,2,0.595,2.8,7.5,10.3,1.1,0.3,3.9,1.1,3.3,8.5
162,Anthony Grundy,SG,26,ATL,12,0,108,6.3,12.7,0.5,1.7,5,0.333,4.7,7.7,0.609,3,4.7,0.643,0.3,5.3,5.7,3,2.3,0,3,4.7,17.3
163,Richard Hamilton,SG,27,DET,80,80,2825,8.3,16.8,0.491,0.7,1.5,0.458,7.6,15.3,0.494,3.3,3.9,0.845,1.1,2.2,3.3,3.5,0.7,0.2,2.2,2.6,20.5
164,Zendon Hamilton,C,30,TOT,12,0,49,5.1,10.3,0.5,0,0,,5.1,10.3,0.5,8.8,13.2,0.667,2.2,5.9,8.1,0,2.9,0,4.4,3.7,19.1
165,Anfernee Hardaway,SF,34,NYK,4,0,72,2,7,0.286,0,0.5,0,2,6.5,0.308,1,1,1,0,5,5,4,1,0,3,3.5,5
166,Matt Harpring,SF,29,UTA,71,32,1944,6,12.6,0.475,0.3,0.7,0.359,5.7,11.8,0.482,4.2,5.8,0.725,2.9,3.9,6.8,1.8,1.1,0.3,2,3.7,16.4
167,Al Harrington,PF,25,ATL,76,76,2782,7.1,15.8,0.452,0.9,2.5,0.346,6.3,13.3,0.471,3.1,4.5,0.694,1.7,5.1,6.8,3.1,1.1,0.2,2.5,3.9,18.3
168,Othella Harrington,C,32,CHI,72,23,824,5.9,11.9,0.495,0,0,,5.9,11.9,0.495,3.4,5.4,0.626,2.4,4.4,6.7,1.7,0.3,0.6,2.7,5.7,15.2
169,Devin Harris,PG,22,DAL,56,4,1275,5.4,11.4,0.469,0.1,0.6,0.238,5.2,10.8,0.482,4.8,6.7,0.716,0.7,2.8,3.5,5,1.5,0.5,2.4,3.4,15.6
170,David Harrison,C,23,IND,67,17,1034,5.2,10.2,0.503,0,0,,5.2,10.2,0.503,3.1,6.1,0.511,2.9,5.9,8.8,0.5,0.8,2.1,2.8,6.7,13.4
171,Jason Hart,PG,27,SAC,66,0,818,3.8,9.7,0.389,0.4,1.4,0.29,3.4,8.4,0.405,1.6,2.5,0.661,0.5,2.6,3.1,3.1,1.4,0.2,1.9,3.7,9.6
172,Udonis Haslem,PF,25,MIA,81,80,2491,4.3,8.5,0.508,0,0,0,4.3,8.5,0.509,2.3,2.9,0.789,2.4,6.7,9.2,1.4,0.7,0.2,1.2,3.1,10.9
173,Trenton Hassell,SG,26,MIN,77,67,2514,4.1,8.8,0.464,0.1,0.3,0.304,4,8.5,0.47,1.9,2.5,0.744,1.2,1.9,3.1,2.9,0.6,0.4,1.8,2.9,10.2
174,Chuck Hayes,PF,22,HOU,40,0,535,4,7.1,0.562,0,0.1,0,4,7,0.567,2,3,0.644,4.5,7.5,12,0.9,1.7,0.9,0.8,5.1,9.9
175,Jarvis Hayes,SG,24,WAS,21,13,516,5.4,12.8,0.421,1.2,3.3,0.362,4.2,9.5,0.441,1.7,2.1,0.833,1.3,4,5.3,1.9,1.1,0.1,1.5,2.7,13.7
176,Brendan Haywood,C,26,WAS,79,70,1879,4.3,8.3,0.514,0,0,,4.3,8.3,0.514,2.5,4.3,0.585,3.8,5.1,8.9,0.9,0.6,2,1.9,4.4,11
177,Luther Head,SG,23,HOU,80,27,2310,4,9.8,0.403,1.8,4.9,0.361,2.2,4.9,0.445,1.3,1.9,0.699,0.5,3.6,4.1,3.4,1.4,0.1,1.9,2.6,11
178,Alan Henderson,C,33,CLE,51,3,531,3.2,6.2,0.516,0,0,,3.2,6.2,0.516,2.2,3.3,0.673,4.1,5.2,9.3,0.7,0.6,0.8,1.5,3.9,8.6
179,Nenê,PF,23,DEN,1,0,3,0,12,0,0,0,,0,12,0,0,0,,0,0,0,0,0,0,24,12,0
180,Grant Hill*,SF,33,ORL,21,17,613,7,14.3,0.49,0.1,0.5,0.25,6.9,13.8,0.498,4.6,6,0.765,0.9,3.8,4.7,2.8,1.4,0.4,2.1,2.9,18.7
181,Kirk Hinrich,PG,25,CHI,81,81,2955,5.5,13.1,0.418,1.5,4.2,0.37,4,9,0.441,3.1,3.8,0.815,0.4,3.2,3.5,6.3,1.1,0.3,2.3,3.1,15.6
182,Julius Hodge,SG,22,DEN,14,0,33,5.5,14.2,0.385,0,0,,5.5,14.2,0.385,3.3,8.7,0.375,5.5,2.2,7.6,6.5,2.2,0,8.7,7.6,14.2
183,Randy Holcomb,SF,26,CHI,4,0,11,3.3,3.3,1,0,0,,3.3,3.3,1,0,0,,3.3,0,3.3,0,0,0,0,6.5,6.5
184,Robert Horry,PF,35,SAS,63,3,1182,3.4,8.9,0.384,1.6,4.4,0.368,1.8,4.5,0.399,1.3,2.1,0.647,2.2,5.2,7.4,2.4,1.3,1.6,1.2,3.5,9.8
185,Eddie House,PG,27,PHO,81,0,1421,8.1,19.2,0.422,3.1,8,0.389,5,11.2,0.445,0.8,1,0.805,0.4,3,3.3,3.7,1.1,0.3,1.9,2.4,20.2
186,Dwight Howard,PF,20,ORL,82,81,3021,5.6,10.5,0.531,0,0,0,5.6,10.5,0.532,4.2,7.1,0.595,3.4,8.7,12.2,1.5,0.8,1.4,2.6,3.3,15.4
187,Josh Howard,SF,25,DAL,59,58,1915,6.6,14,0.471,0.5,1.2,0.429,6.1,12.8,0.475,3.7,5,0.734,2.3,4.7,7,2.1,1.3,0.5,1.5,3.1,17.4
188,Juwan Howard,PF,32,HOU,80,80,2537,5.6,12.2,0.459,0,0.1,0,5.6,12.1,0.461,2.2,2.7,0.806,2.4,5.2,7.6,1.6,0.7,0.1,1.9,3.3,13.4
189,Troy Hudson,PG,29,MIN,36,0,800,5.7,15,0.381,1.8,4.5,0.396,3.9,10.4,0.375,2.2,2.3,0.923,0.4,1.6,2,4.8,0.5,0.2,1.8,2.5,15.4
190,Larry Hughes,SG,27,CLE,36,31,1281,5.4,13.2,0.409,0.8,2.1,0.368,4.6,11,0.417,4.1,5.4,0.756,0.7,3.8,4.5,3.7,1.5,0.6,2.8,3.3,15.7
191,Kris Humphries,PF,20,UTA,62,2,619,4.5,11.8,0.379,0,0.3,0,4.5,11.5,0.389,2,3.8,0.523,3.3,5.9,9.1,1.7,1.3,0.9,1.8,4.8,10.9
192,Lindsey Hunter,PG,35,DET,30,1,353,3.8,10.2,0.37,1.1,4.4,0.256,2.7,5.8,0.456,0.2,0.4,0.5,1,3.1,4.1,6.3,1.9,0.1,2,4.5,8.9
193,Steven Hunter,C,24,PHI,69,35,1312,4.8,8,0.601,0,0,,4.8,8,0.601,1.9,3.8,0.514,3,4.4,7.4,0.5,0.3,2.1,1.8,3.3,11.6
194,Andre Iguodala,SF,22,PHI,82,82,3086,4,8,0.5,0.7,1.8,0.354,3.4,6.2,0.543,3.1,4.1,0.754,1.4,4.2,5.6,3,1.6,0.2,1.8,2.3,11.7
195,Zydrunas Ilgauskas,C,30,CLE,78,78,2283,7.1,14,0.506,0,0.1,0,7.1,13.9,0.509,5,6,0.834,3.9,5.5,9.3,1.4,0.6,2.1,2.4,4.4,19.2
196,D.J. Mbenga,C,25,DAL,43,1,237,4.9,9.1,0.533,0,0.2,0,4.9,9,0.542,1.5,3,0.5,2.9,5.6,8.5,0.3,0.9,3.8,2.4,7.1,11.2
197,Allen Iverson*,PG,30,PHI,72,72,3103,9.5,21.1,0.447,0.8,2.6,0.323,8.6,18.6,0.465,7.8,9.6,0.814,0.5,2.2,2.7,6.2,1.6,0.1,2.9,1.4,27.6
198,Royal Ivey,PG,24,ATL,73,66,978,4.3,9.7,0.439,0.1,0.4,0.4,4.1,9.3,0.441,0.9,1.2,0.727,1.1,2.4,3.5,2.7,0.9,0.3,0.8,5.4,9.6
199,Jarrett Jack,SG,22,POR,79,4,1599,4.3,9.6,0.442,0.5,1.7,0.263,3.8,7.9,0.48,2.9,3.6,0.8,0.4,3.2,3.6,4.9,0.9,0,2.3,3.1,11.8
200,Bobby Jackson,PG,32,MEM,71,15,1775,5.8,15.2,0.382,2.6,6.7,0.389,3.2,8.4,0.377,2.2,3,0.733,0.9,3.6,4.5,4,1.2,0,2,3.1,16.4
201,Jermaine Jackson,PG,29,MIL,30,2,202,2,4.6,0.423,0.2,0.7,0.25,1.8,3.9,0.455,2.1,2.5,0.857,1.4,3.4,4.8,4.5,0.7,0.2,2.3,3.4,6.2
202,Jim Jackson,SF,35,TOT,40,1,512,3.3,11.3,0.294,1.3,5.2,0.243,2,6,0.337,0.6,0.9,0.692,0.8,4.6,5.3,2.5,0.8,0.4,2.5,3.6,8.5
203,Luke Jackson,SF,24,CLE,36,0,315,3.3,9.7,0.341,1.4,4.1,0.333,1.9,5.6,0.347,3,3.8,0.788,1.8,2.7,4.6,2.9,1.3,0.2,3.5,3.4,11
204,Marc Jackson,C,31,TOT,64,10,1027,6.1,12.9,0.472,0,0.1,0.5,6.1,12.9,0.471,2.3,2.9,0.805,3,4.6,7.6,1.5,0.5,0.3,2.3,4.4,14.5
205,Stephen Jackson,SG,27,IND,81,81,2910,5.8,14.2,0.411,1.4,4.2,0.345,4.4,10,0.439,3.3,4.2,0.786,0.6,3.3,3.9,2.8,1.3,0.5,2.5,2.4,16.4
206,Jerome James,C,30,NYK,45,9,406,5,10.7,0.463,0,0,,5,10.7,0.463,2.2,3.5,0.625,3.5,4.6,8.1,1.1,0.3,2,4.5,9.2,12.1
207,LeBron James,SF,21,CLE,79,79,3361,9.4,19.5,0.48,1.4,4.1,0.335,8,15.5,0.518,6.4,8.7,0.738,0.8,5.2,6,5.6,1.3,0.7,2.8,1.9,26.5
208,Mike James,PG,30,TOR,79,79,2925,7.1,15.1,0.469,2.1,4.7,0.442,5,10.4,0.481,3.5,4.2,0.837,0.6,2.7,3.2,5.7,0.9,0,2.5,2.6,19.7
209,Antawn Jamison,SF,29,WAS,82,80,3288,7.2,16.4,0.442,1.6,4.1,0.394,5.6,12.3,0.458,2.4,3.3,0.731,1.8,6.5,8.4,1.7,1,0.1,1.5,2.1,18.4
210,Marko Jarić,PG,27,MIN,75,49,2102,3.9,9.7,0.399,0.7,2.3,0.301,3.2,7.4,0.43,1.6,2.4,0.688,1,3,4,5,1.8,0.4,2.2,3.2,10.1
211,Šarūnas Jasikevičius,PG,29,IND,75,15,1557,3.9,9.9,0.396,2,5.5,0.364,1.9,4.5,0.435,2.8,3.1,0.91,0.4,3.1,3.5,5.2,0.9,0.1,2.7,2.5,12.6
212,Al Jefferson,PF,21,BOS,59,7,1062,6.4,12.8,0.499,0,0.1,0,6.4,12.7,0.504,2.9,4.5,0.642,3.3,6.8,10.1,1,1,1.6,2.1,5.6,15.7
213,Richard Jefferson,SF,25,NJN,78,78,3059,5.8,11.8,0.493,0.7,2.2,0.319,5.1,9.6,0.532,5.5,6.8,0.812,1.1,5.2,6.3,3.5,0.7,0.2,2,2.3,17.9
214,Jared Jeffries,PF,24,WAS,77,77,1951,3.5,7.7,0.451,0.3,0.9,0.32,3.2,6.7,0.468,1.8,3.1,0.589,3,4,7,2.7,1.1,0.9,1.8,4.1,9
215,Amir Johnson,SF,18,DET,3,0,39,6.5,9.2,0.7,1.8,2.8,0.667,4.6,6.5,0.714,3.7,3.7,1,2.8,0.9,3.7,2.8,0,1.8,3.7,6.5,18.5
216,Anthony Johnson,PG,31,IND,75,53,1981,4.9,11,0.443,0.9,2.8,0.329,3.9,8.1,0.482,1.9,2.6,0.752,0.6,2.5,3.1,5.9,1.1,0.4,2.1,2.4,12.6
217,DerMarr Johnson,SG,25,DEN,58,21,924,5.1,11.9,0.431,2.2,6.2,0.35,3,5.7,0.521,1.3,1.6,0.81,0.7,3,3.7,2.1,1,1,1.8,3.4,13.8
218,Ervin Johnson,C,38,MIL,18,0,81,3.1,7.6,0.412,0,0,,3.1,7.6,0.412,0.4,0.9,0.5,2.2,8.4,10.7,0.9,0.4,0.9,2.2,10.2,6.7
219,Joe Johnson,SG,24,ATL,82,82,3340,6.8,15,0.453,1.4,3.9,0.356,5.4,11.2,0.487,2.8,3.6,0.791,1.1,2.6,3.6,5.8,1.1,0.3,2.9,2,17.8
220,Linton Johnson,SF,25,TOT,36,7,524,4.2,10.2,0.409,0.9,2.5,0.361,3.3,7.8,0.425,1.2,1.9,0.667,2.7,5.6,8.4,1,0.8,0.8,1.9,4.2,10.5
221,Dahntay Jones,SF,25,MEM,71,4,967,4.1,9.8,0.414,0.1,0.8,0.143,3.9,9,0.438,2.2,3.5,0.645,0.7,3.1,3.9,1.5,1.4,0.6,1.9,4,10.5
222,Damon Jones,PG,29,CLE,82,7,2089,3.3,8.5,0.387,2.4,6.4,0.377,0.9,2.1,0.417,0.6,0.9,0.64,0.2,2.1,2.3,2.9,0.6,0,0.9,1.9,9.5
223,Dwayne Jones,PF,22,BOS,14,0,87,1.7,4.1,0.4,0,0,,1.7,4.1,0.4,2.5,5.4,0.462,4.1,8.7,12.8,0.8,0.4,1.2,1.2,5.8,5.8
224,Eddie Jones,SG,34,MEM,75,75,2437,4.3,10.7,0.404,2,5.5,0.356,2.3,5.1,0.457,2.5,3.2,0.781,0.5,3.6,4.1,2.6,1.9,0.4,1.4,3,13.1
225,Fred Jones,SG,26,IND,68,2,1837,4.6,11,0.417,1.2,3.7,0.337,3.3,7.3,0.457,2.4,3.1,0.763,0.4,3,3.3,3,1.1,0.4,2.1,2.8,12.8
226,James Jones,SF,25,PHO,75,24,1772,4.9,11.8,0.418,2.2,5.8,0.386,2.7,6,0.449,2.1,2.5,0.851,0.9,4.2,5.1,1.2,0.8,1,0.7,2.9,14.2
227,Jumaine Jones,PF,26,CHA,76,42,2089,5.1,12.7,0.405,2,5.8,0.343,3.2,6.9,0.456,1.5,2.1,0.727,1.8,4.7,6.5,1.1,1.2,0.4,1.3,3.4,13.8
228,Chris Kaman,C,23,LAC,78,78,2560,5.2,9.9,0.523,0,0,0,5.2,9.9,0.524,2.7,3.5,0.77,2.6,7.9,10.5,1.1,0.6,1.5,2.5,3.8,13.1
229,Jason Kapono,SF,24,MIA,51,2,665,4.3,9.6,0.446,1.1,2.9,0.396,3.1,6.7,0.468,1.5,1.8,0.848,0.6,3.2,3.8,2,0.4,0.2,1.1,4.8,11.2
230,Mario Kasun,C,25,ORL,28,0,213,5.2,11.7,0.449,0,0,,5.2,11.7,0.449,3,3.9,0.783,4.1,6.1,10.1,0.5,0.3,0.5,2.5,11.7,13.5
231,Viktor Khryapa,SF,23,POR,69,53,1492,3.8,8.3,0.462,0.2,0.7,0.333,3.6,7.5,0.474,1.9,2.7,0.694,2.8,4.7,7.4,2.1,1.2,0.7,2,5,9.7
232,Jason Kidd*,PG,32,NJN,80,80,2975,4.4,11,0.404,1.7,4.8,0.352,2.7,6.2,0.445,2.3,3,0.795,1,6,7,8.1,1.8,0.4,2.3,1.9,12.9
233,Andrei Kirilenko,SF,24,UTA,69,63,2604,4.6,10.1,0.46,0.5,1.6,0.308,4.1,8.5,0.489,4.8,6.8,0.699,2.2,5.4,7.6,4.1,1.4,3,2.8,2.2,14.6
234,Linas Kleiza,PF,21,DEN,61,2,519,5.3,12,0.445,0.1,0.9,0.154,5.2,11.1,0.469,4,5.6,0.704,2.6,5.4,8,1,0.7,0.9,1.1,6,14.8
235,Brevin Knight,PG,30,CHA,69,67,2351,4.7,11.8,0.399,0,0.2,0.231,4.7,11.6,0.402,3.9,4.8,0.803,0.5,2.9,3.4,9.3,2.4,0.1,2.5,3.1,13.3
236,Yaroslav Korolev,SF,18,LAC,24,0,127,2.6,8.5,0.3,0.6,2,0.286,2,6.5,0.304,2,2.8,0.7,1.4,2.3,3.7,2.6,0.9,0,1.7,3.1,7.7
237,Kyle Korver,SF,24,PHI,82,43,2563,4.6,10.7,0.43,2.6,6.2,0.42,2,4.5,0.443,1.4,1.7,0.849,0.4,3.4,3.8,2.3,0.9,0.4,1.4,3.1,13.2
238,Nenad Krstić,PF,22,NJN,80,80,2469,6.5,12.8,0.507,0,0.1,0.25,6.5,12.8,0.509,2.7,3.9,0.698,2.7,4.8,7.5,1.3,0.5,0.9,1.9,4.3,15.7
239,Toni Kukoč,PF,37,MIL,65,0,1018,4.1,10.5,0.389,1.6,5.2,0.306,2.5,5.3,0.47,1.4,2,0.714,0.9,4.4,5.3,4.9,1.2,0.6,2.3,3.1,11.2
240,Raef LaFrentz,PF,29,BOS,82,63,2033,4.2,9.8,0.431,2,5.1,0.392,2.2,4.7,0.474,0.9,1.3,0.68,1.4,5.8,7.2,2,0.5,1.3,1.2,4.8,11.3
241,Maciej Lampe,C,20,TOT,6,0,28,2.6,14.1,0.182,0,0,,2.6,14.1,0.182,0,2.6,0,5.1,6.4,11.6,2.6,0,0,3.9,2.6,5.1
242,David Lee,SF,22,NYK,67,14,1129,4.4,7.3,0.596,0,0,,4.4,7.3,0.596,2.3,3.9,0.577,3.5,6.2,9.7,1.4,1,0.6,1.6,4,11
243,Voshon Lenard,SG,32,TOT,26,6,458,5.9,15,0.393,2,6.1,0.321,3.9,8.9,0.442,1.3,2.4,0.516,0.4,3.3,3.7,3.2,1.7,0.3,2.4,3.1,15
244,Rashard Lewis,SF,26,SEA,78,77,2876,6.7,14.4,0.467,1.8,4.6,0.384,5,9.8,0.507,4.4,5.4,0.818,1.4,3.5,4.9,2.3,1.3,0.6,1.8,2.4,19.6
245,Randy Livingston,PG,30,CHI,5,0,22,0,3.3,0,0,0,,0,3.3,0,0,0,,1.6,4.9,6.5,1.6,1.6,0,1.6,9.8,0
246,Shaun Livingston,PG,20,LAC,61,14,1525,3.5,8.2,0.427,0,0.2,0.125,3.5,8,0.434,1.3,1.8,0.688,1,3.4,4.3,6.4,1.1,0.8,2.6,3.8,8.3
247,John Lucas III,PG,23,HOU,13,0,107,4.7,12.1,0.389,0.7,3,0.222,4,9.1,0.444,0,0,,0.7,1,1.7,4,1.7,0,2.4,2,10.1
248,Tyronn Lue,PG,28,ATL,51,10,1234,5.6,12.2,0.459,1.7,3.7,0.457,3.9,8.5,0.46,3.4,4,0.855,0.4,2,2.4,4.6,0.8,0.1,2.2,3.3,16.3
249,Arvydas Macijauskas,SG,26,NOK,19,0,135,3.7,10.9,0.341,0.8,3.2,0.25,2.9,7.7,0.379,3.5,4,0.867,0.8,1.9,2.7,1.3,1.9,0,2.1,2.7,11.7
250,Mark Madsen,C,30,MIN,62,7,676,1.4,3.5,0.409,0,0.4,0,1.4,3.1,0.458,1.1,2.5,0.426,2.7,4.8,7.5,0.6,1.2,0.9,1.4,6.1,3.9
251,Corey Maggette,SF,26,LAC,32,13,943,6.4,14.3,0.445,0.9,2.7,0.338,5.5,11.6,0.47,8.1,9.8,0.828,1.1,5.4,6.5,2.5,0.7,0.2,3,3.6,21.8
252,Jamaal Magloire,C,27,MIL,82,82,2465,4.2,9,0.467,0,0,,4.2,9,0.467,2.6,4.9,0.535,3.2,8.1,11.4,0.8,0.4,1.2,2.4,4,11
253,Stephon Marbury,PG,28,NYK,60,60,2193,5.7,12.7,0.451,0.5,1.7,0.317,5.2,11,0.472,4,5.4,0.755,0.4,2.5,2.9,6.3,1,0.1,2.6,2.3,16
254,Shawn Marion,PF,27,PHO,81,81,3263,7.9,15.1,0.525,1.1,3.2,0.331,6.8,11.9,0.577,2.7,3.3,0.809,2.7,7.8,10.6,1.6,1.8,1.5,1.4,2.5,19.5
255,Sean Marks,PF,30,SAS,25,0,181,7.4,14.1,0.521,0,0.6,0,7.4,13.5,0.544,1.4,2.4,0.583,2.4,6.2,8.6,1.4,1,1.4,1.4,4.2,16.1
256,Donyell Marshall,PF,32,CLE,81,0,2077,4.6,11.6,0.395,2.2,6.8,0.324,2.4,4.8,0.496,1.6,2.1,0.748,1.8,6.7,8.5,1,1,0.7,1.6,2.8,13
257,Rawle Marshall,SF,23,DAL,23,9,241,3.6,9,0.4,0.1,0.4,0.333,3.4,8.5,0.404,3.3,4.3,0.759,1.2,3.4,4.6,1.5,1.2,1,2.2,2.5,10.6
258,Darrick Martin,PG,34,TOR,40,0,339,3.6,10.3,0.351,1.7,4.2,0.4,1.9,6.1,0.316,1.9,2.5,0.75,0.2,1.9,2.1,6.1,1.8,0,1.6,4.5,10.8
259,Kenyon Martin,PF,28,DEN,56,49,1546,6.9,14,0.495,0.1,0.5,0.227,6.8,13.5,0.505,2.8,4,0.712,2.2,6.1,8.2,1.8,1,1.2,1.7,4,16.8
260,Kevin Martin,SG,22,SAC,72,41,1913,4.9,10.3,0.48,1.2,3.4,0.369,3.7,6.9,0.534,3.5,4.2,0.847,1.1,3.8,4.9,1.8,1,0.2,1.5,2.6,14.6
261,Desmond Mason,SF,28,NOK,70,55,2102,4.7,11.8,0.399,0,0.1,0.167,4.7,11.7,0.401,3.5,5.2,0.682,1.1,4,5.1,1.1,0.7,0.3,1.9,2.3,13
262,Jason Maxiell,PF,22,DET,26,0,159,5.2,12.2,0.426,0,0,,5.2,12.2,0.426,3.2,9.5,0.333,2.7,3.6,6.3,0.7,0.9,1.1,2.5,3.2,13.6
263,Sean May,PF,21,CHA,23,1,398,6.3,15.5,0.409,0,0.5,0,6.3,15,0.422,4.4,5.8,0.766,3.8,6.1,9.9,2,1.5,1.1,3,5.2,17.1
264,Rashad McCants,SG,21,MIN,79,12,1362,6.4,14.1,0.45,1.8,4.8,0.372,4.6,9.4,0.49,2.1,2.8,0.736,0.8,3,3.8,1.7,1.2,0.6,2.3,4.7,16.6
265,Walter McCarty,SF,31,LAC,36,1,353,3.4,10.1,0.333,1,4.6,0.222,2.3,5.5,0.426,1.2,2.1,0.571,1.5,5.4,6.9,2.3,0.8,0.5,1.9,5.3,9
266,Antonio McDyess,PF,31,DET,82,0,1733,5.9,11.6,0.509,0,0,0,5.9,11.6,0.511,1.4,2.5,0.557,3.2,5.8,9.1,1.9,1,1,1.6,4.6,13.3
267,Tracy McGrady*,SF,26,HOU,47,47,1745,8.5,20.9,0.406,1.5,4.8,0.312,7,16,0.434,5.2,7,0.747,0.9,5.4,6.3,4.6,1.2,0.8,2.5,1.8,23.7
268,Jeff McInnis,SG,31,NJN,28,1,486,4.7,10.6,0.441,0.2,1.2,0.188,4.4,9.4,0.472,1.5,2.1,0.69,0.8,2.9,3.7,3.9,0.8,0.1,2.1,2.7,11
269,Aaron McKie,PG,33,LAL,14,0,121,0.9,3.6,0.25,0,0.6,0,0.9,3,0.3,0.3,0.6,0.5,0.9,5.1,6,3.3,1.5,0,0.6,2.1,2.1
270,Keith McLeod,PG,26,UTA,66,32,1232,3.5,9.9,0.353,0.7,2.4,0.293,2.8,7.5,0.372,3.1,3.9,0.797,0.3,2,2.3,4.4,1.2,0.3,2.2,3.8,10.8
271,Stanislav Medvedenko,PF,26,LAL,2,0,6,6,12,0.5,0,0,,6,12,0.5,0,0,,0,0,0,6,0,0,0,6,12
272,Chris Mihm,C,26,LAL,59,56,1541,5.4,10.7,0.501,0,0,,5.4,10.7,0.501,3.4,4.7,0.716,3.2,5.5,8.7,1.4,0.4,1.7,1.9,5,14.1
273,Aaron Miles,PG,22,GSW,19,0,118,1.8,5.5,0.333,0,0,,1.8,5.5,0.333,1.2,1.2,1,0,4.3,4.3,7.3,1.2,0.3,3.4,4,4.9
274,C.J. Miles,PG,18,UTA,23,0,203,5,13.5,0.368,0.9,3.5,0.25,4.1,9.9,0.411,3.2,4.3,0.75,3.2,3.5,6.7,2.8,1.2,0.4,1.6,3.5,14
275,Darius Miles,SF,24,POR,40,23,1286,6.6,14.3,0.461,0.1,0.3,0.2,6.5,14,0.466,2.4,4.6,0.534,0.7,4.4,5.1,2,1.2,1.1,2.8,2.8,15.6
276,Darko Miličić,C,20,TOT,55,1,767,5.6,11,0.509,0,0.1,0,5.6,10.9,0.513,1.3,2.3,0.56,2.1,5,7.1,1.9,0.7,3.6,2.4,4.3,12.5
277,Andre Miller,PG,29,DEN,82,82,2937,5,10.7,0.463,0.1,0.3,0.185,4.9,10.4,0.472,3.8,5.2,0.738,1.1,3.2,4.3,8.3,1.3,0.2,3.1,2.6,13.8
278,Brad Miller,C,29,SAC,79,79,2923,5.3,10.8,0.495,0.4,1.1,0.386,4.9,9.7,0.507,3.4,4.2,0.828,1.5,6.1,7.6,4.6,0.8,0.8,2.2,2.9,14.6
279,Mike Miller,SG,25,MEM,74,9,2268,5.6,12.1,0.466,2.2,5.4,0.407,3.4,6.7,0.513,2.7,3.3,0.8,0.7,5.6,6.3,3.2,0.8,0.4,2.2,2.7,16.1
280,Yao Ming*,C,25,HOU,57,57,1949,8.6,16.6,0.519,0,0,0,8.6,16.6,0.519,6.2,7.3,0.853,2.7,8,10.7,1.6,0.6,1.7,2.7,3.6,23.5
281,Cuttino Mobley,SG,30,LAC,79,74,2979,5.2,12.2,0.426,1,3,0.339,4.2,9.2,0.453,2.8,3.3,0.839,0.6,3.5,4.1,2.9,1.1,0.4,1.8,2.5,14.1
282,Nazr Mohammed,C,28,SAS,80,30,1389,4.9,9.8,0.504,0,0,,4.9,9.8,0.504,2.9,3.7,0.785,4.2,6.6,10.8,1,0.5,1.3,2.4,5.7,12.8
283,Sergei Monia,SF,22,TOT,26,15,343,3,9.1,0.333,0.9,3.6,0.265,2.1,5.6,0.377,1,1.5,0.714,1.2,4.3,5.5,2,0.7,0.5,1.3,4.3,8.1
284,Mikki Moore,C,30,SEA,47,1,583,3.3,7.7,0.435,0,0.1,0,3.3,7.5,0.443,2.8,3.8,0.742,2.7,5.3,8,1.7,0.4,0.9,2.5,5.7,9.5
285,Terence Morris,SF,27,ORL,22,0,192,3,9.2,0.327,0,0.4,0,3,8.8,0.34,0.6,0.6,1,1.1,6,7.1,0.7,1.1,0.9,1.3,3.6,6.6
286,Alonzo Mourning*,C,35,MIA,65,20,1302,5.2,8.7,0.597,0,0,0,5.2,8.7,0.599,3.7,6.2,0.594,3.5,6.5,9.9,0.3,0.4,4.8,2.2,4.9,14.1
287,Troy Murphy,PF,25,GSW,74,74,2516,5.2,12,0.433,0.8,2.6,0.32,4.4,9.4,0.464,3.6,4.6,0.787,2.8,7.8,10.6,1.4,0.7,0.4,1.5,2.7,14.8
288,Lamond Murray,SF,32,NJN,57,1,576,4.5,11.3,0.398,1.7,4.9,0.346,2.8,6.4,0.437,1.6,2.5,0.625,1.8,6.4,8.2,0.8,1.1,0.4,1.4,4.1,12.2
289,Ronald Murray,SG,26,TOT,76,27,2112,5.5,13.1,0.418,0.6,2.4,0.262,4.8,10.7,0.453,2.9,4.1,0.711,0.6,2,2.6,3.4,1.2,0.2,2.3,2.3,14.5
290,Dikembe Mutombo*,C,39,HOU,64,23,955,1.9,3.6,0.526,0,0,,1.9,3.6,0.526,2.6,3.4,0.758,3.8,7.8,11.5,0.2,0.6,2.1,1.3,4.8,6.4
291,Boniface N'Dong,C,28,LAC,23,1,152,5.2,12.6,0.415,0,0.2,0,5.2,12.3,0.423,1.4,2.1,0.667,3.6,5.2,8.8,1.7,0.5,1.2,1.4,5.4,11.8
292,Boštjan Nachbar,PF-SF,25,TOT,36,13,502,3.9,11.2,0.346,1.4,5.1,0.268,2.5,6.1,0.412,2.2,3.2,0.682,0.6,3.7,4.3,1.9,1.1,0.4,1.7,4.7,11.3
293,Lee Nailon,PF,30,PHI,22,0,237,6.1,12.2,0.5,0,0,,6.1,12.2,0.5,2,2.3,0.867,3.5,2.9,6.4,1.1,1.2,0.6,1.5,4.9,14.1
294,Eduardo Nájera,PF,29,DEN,64,3,1449,3.2,7.5,0.422,0.1,0.3,0.333,3.1,7.2,0.426,2.2,2.8,0.781,3.2,4.9,8.1,1.3,1.3,0.8,1.3,4.1,8.6
295,Steve Nash*,PG,31,PHO,79,79,2796,7,13.6,0.512,1.9,4.4,0.439,5,9.2,0.548,3.3,3.6,0.921,0.6,3.7,4.3,10.6,0.8,0.2,3.6,1.5,19.2
296,Jameer Nelson,PG,23,ORL,62,33,1784,7,14.5,0.483,1.4,3.3,0.424,5.6,11.2,0.5,2.8,3.7,0.779,0.8,2.8,3.6,6.1,1.4,0.2,3,3.5,18.3
297,Rasho Nesterović,C,29,SAS,80,51,1515,4.1,7.9,0.515,0,0,0,4.1,7.9,0.518,0.4,0.7,0.6,2.7,4.6,7.3,0.8,0.5,2.1,1.3,5,8.6
298,Ira Newble,SG,31,CLE,36,3,353,1.7,5.8,0.298,0.3,1.3,0.231,1.4,4.5,0.318,1.1,1.6,0.688,2.1,3.6,5.7,0.9,0.5,1,1.2,4.8,4.9
299,Andrés Nocioni,PF,26,CHI,82,43,2239,6.2,13.4,0.461,1.5,3.8,0.391,4.7,9.5,0.489,3.3,3.9,0.843,1.4,6.6,8,1.9,0.6,0.8,1.9,4.1,17.1
300,Moochie Norris,PG,32,TOT,45,0,424,3.9,9.5,0.411,0.3,1.2,0.286,3.6,8.3,0.429,2.5,3.6,0.69,1,3.6,4.6,4.2,1.7,0.1,2.8,4.2,10.6
301,Dirk Nowitzki,PF,27,DAL,81,81,3089,8.8,18.2,0.48,1.3,3.2,0.406,7.5,15.1,0.496,6.3,7,0.901,1.3,7.1,8.5,2.6,0.7,1,1.8,1.9,25.1
302,Jermaine O'Neal,PF,27,IND,51,47,1802,7.6,16.1,0.472,0.1,0.2,0.3,7.5,15.9,0.474,5.2,7.4,0.709,2,7.5,9.5,2.7,0.5,2.3,3,3.5,20.5
303,Shaquille O'Neal*,C,33,MIA,59,58,1806,9.6,15.9,0.6,0,0,,9.6,15.9,0.6,4.4,9.4,0.469,3.4,7.4,10.8,2.3,0.5,2.1,3.3,4.6,23.5
304,Fabricio Oberto,C,30,SAS,59,0,490,3.2,6.8,0.473,0,0.1,0,3.2,6.7,0.484,1.1,2,0.556,4.2,4.8,9,2,0.7,0.8,2.1,6.7,7.6
305,Lamar Odom,PF,26,LAL,80,80,3221,5,10.3,0.481,0.9,2.4,0.372,4.1,7.9,0.514,2.4,3.5,0.69,2,6.2,8.2,5,0.8,0.7,2.4,2.9,13.3
306,Emeka Okafor,PF,23,CHA,26,25,874,5.4,13,0.415,0,0,,5.4,13,0.415,3.4,5.1,0.656,3.9,6.9,10.8,1.3,0.9,2.1,2.2,3.6,14.2
307,Mehmet Okur,PF,26,UTA,82,82,2945,6.3,13.8,0.46,1,2.9,0.342,5.4,10.9,0.491,4.3,5.5,0.78,2.6,6.5,9.1,2.4,0.5,0.9,2,3.5,18
308,Kevin Ollie,SG,33,PHI,70,23,1069,2.5,5.9,0.431,0,0.1,0.333,2.5,5.8,0.433,1.4,1.7,0.837,0.4,2.9,3.3,3.4,1.1,0.1,1,3.5,6.5
309,Michael Olowokandi,C,30,TOT,48,24,919,4.2,9.4,0.446,0,0,,4.2,9.4,0.446,0.9,1.8,0.511,2,6.7,8.6,0.9,0.9,1.3,2.2,4.8,9.3
310,Greg Ostertag,C,32,UTA,60,22,807,2.7,5.5,0.492,0,0,,2.7,5.5,0.492,1.1,2.1,0.5,3.7,6.4,10,2.6,0.3,2.9,2.1,5.8,6.5
311,Bo Outlaw,PF,34,ORL,32,0,355,3.5,5.9,0.603,0,0,,3.5,5.9,0.603,0.5,0.8,0.625,3.1,4.7,7.8,1.4,1,1.2,1.7,5.1,7.6
312,Travis Outlaw,PF,21,POR,69,11,1153,5.1,11.5,0.44,0.4,1.7,0.264,4.6,9.8,0.47,1.9,2.8,0.697,1.5,4.4,5.9,1.1,1,1.4,1.2,3.5,12.5
313,Andre Owens,PG,25,UTA,23,2,210,4.6,12.7,0.365,0.5,2.7,0.188,4.1,9.9,0.414,2.1,3.1,0.667,1.9,1.7,3.6,1.4,0.9,0,2.2,4.3,11.8
314,Zaza Pachulia,C,21,ATL,78,78,2452,4.5,10,0.451,0,0,0,4.5,10,0.452,4.4,5.9,0.735,3.9,5.1,9,1.9,1.3,0.6,2.6,4.2,13.4
315,Scott Padgett,PF,29,NJN,62,1,718,3.6,10.1,0.353,2.1,6.1,0.347,1.5,4,0.363,1.4,1.7,0.794,2.8,5.5,8.3,2.1,1.4,0.6,1.1,4.5,10.6
316,Milt Palacio,PG,27,UTA,71,18,1376,4.5,10.5,0.424,0,0.4,0.063,4.4,10.1,0.439,2.6,3.9,0.653,0.4,3.1,3.5,5,1.2,0.4,2.9,3.3,11.5
317,Jannero Pargo,PG,26,CHI,57,0,646,6.1,16.3,0.373,2.2,5.7,0.379,3.9,10.5,0.37,0.9,1.2,0.81,0.4,3,3.4,5.2,1.3,0.1,3.4,3.2,15.3
318,Smush Parker,PG,24,LAL,82,82,2773,4.5,10.1,0.447,1.6,4.3,0.366,3,5.9,0.506,1.6,2.3,0.694,0.5,3,3.5,3.9,1.8,0.2,1.9,2.8,12.2
319,Tony Parker,PG,23,SAS,80,80,2715,8.3,15.1,0.548,0.1,0.5,0.306,8.1,14.6,0.556,3.4,4.7,0.707,0.5,3,3.5,6.1,1.1,0.1,3.3,2.1,20
320,Ruben Patterson,SF-SG,30,TOT,71,22,1792,6.6,12.8,0.515,0,0.3,0.077,6.5,12.5,0.524,4.1,6.8,0.601,2.4,2.5,4.9,2.6,1.5,0.4,3,3,17.2
321,Chris Paul,PG,20,NOK,78,78,2808,5.2,12.1,0.43,0.6,2.3,0.282,4.6,9.9,0.464,5.1,6,0.847,0.8,4.3,5.1,7.8,2.2,0.1,2.3,2.8,16.1
322,Sasha Pavlović,SG,22,CLE,53,19,813,3.9,9.4,0.41,1.5,4.3,0.365,2.3,5.1,0.448,1.4,2.2,0.653,0.7,2.8,3.5,1.1,0.8,0.3,1.9,4.6,10.7
323,Gary Payton*,PG,37,MIA,81,25,2305,3.6,8.5,0.42,1,3.6,0.287,2.6,5,0.517,1.6,2,0.794,0.5,3.1,3.6,4,1.1,0.2,1.6,2.6,9.8
324,Kendrick Perkins,C,21,BOS,68,40,1332,3.7,7.2,0.515,0,0.1,0,3.7,7.1,0.519,2.2,3.5,0.615,3.8,7.1,10.9,1.9,0.6,2.8,2.9,5.4,9.6
325,Morris Peterson,SG,28,TOR,82,77,3140,5.5,12.6,0.436,2,5.1,0.395,3.5,7.4,0.465,2.8,3.4,0.82,0.7,3.6,4.4,2.2,1.2,0.2,1.4,2.6,15.8
326,Johan Petro,C,20,SEA,68,41,1282,4.3,8.4,0.51,0,0,,4.3,8.4,0.51,1.3,2.1,0.627,3.1,5.3,8.3,0.4,0.7,1.4,1.7,6,9.9
327,Eric Piatkowski,SG,35,CHI,29,1,228,3.8,9.6,0.393,1.4,5.2,0.273,2.4,4.4,0.536,0.3,0.8,0.4,0.6,3,3.6,2.1,0.9,0.2,1.7,3.2,9.3
328,Paul Pierce,SF,28,BOS,79,79,3084,8,17.1,0.471,1.3,3.7,0.354,6.7,13.4,0.503,7.3,9.5,0.772,0.9,5.3,6.2,4.4,1.2,0.4,3.2,2.6,24.7
329,Mickaël Piétrus,SF,23,GSW,52,18,1179,5.2,12.8,0.404,1.7,5.4,0.318,3.5,7.4,0.467,2.7,4.4,0.608,1.8,3.2,5,1.3,1,0.3,2.4,4,14.7
330,Zoran Planinić,PG,23,NJN,56,1,596,4,11.1,0.361,0.8,3.4,0.232,3.2,7.7,0.417,2.8,4,0.697,0.8,3.6,4.5,3.2,1.2,0.2,2.6,5.5,11.5
331,Pavel Podkolzin,C,21,DAL,1,0,18,0,4,0,0,0,,0,4,0,6,12,0.5,0,14,14,0,0,2,4,0,6
332,Scot Pollard,C,30,IND,45,32,771,3.3,7.2,0.455,0,0,,3.3,7.2,0.455,1.4,1.8,0.763,3.4,6.8,10.2,1.1,1.7,0.9,1.2,5.4,7.9
333,James Posey,SF,29,MIA,67,63,1914,3,7.4,0.403,2.2,5.5,0.403,0.8,2,0.4,0.9,1.1,0.787,0.6,5.4,6,1.7,1,0.4,1.1,3.7,9.1
334,Vitaly Potapenko,C,30,TOT,33,12,353,3.8,7.2,0.521,0,0,,3.8,7.2,0.521,1,1.7,0.588,2.8,3.8,6.5,0.9,0.2,0.2,1.6,5.1,8.6
335,Josh Powell,PF,23,DAL,37,2,429,3.1,6.8,0.457,0,0,,3.1,6.8,0.457,3,3.8,0.8,2.3,4.4,6.8,0.8,0.6,0.3,1.8,4.4,9.2
336,Ronnie Price,PG,22,SAC,29,0,150,5,13.9,0.362,1.4,6.5,0.222,3.6,7.4,0.484,2.9,2.9,1,1.2,2.4,3.6,2.6,1.4,0,2.4,2.4,14.4
337,Tayshaun Prince,SF,25,DET,82,82,2898,5.7,12.4,0.455,0.8,2.3,0.35,4.9,10.1,0.479,2.3,3,0.765,1.3,3,4.3,2.3,0.8,0.5,1.1,1.2,14.4
338,Laron Profit,SG,28,LAL,25,1,279,5.2,10.8,0.476,0.4,2.3,0.167,4.8,8.5,0.561,2.7,3.1,0.875,1,4.5,5.5,1.9,1.4,0.6,3.1,3.2,13.4
339,Joel Przybilla,C,26,POR,56,52,1395,3.4,6.2,0.548,0,0,,3.4,6.2,0.548,2.1,4,0.532,3.8,6.3,10.1,1.1,0.5,3.4,2,3.8,8.9
340,Vladimir Radmanović,PF,25,TOT,77,27,1974,4.8,11.7,0.407,2.5,6.5,0.39,2.3,5.3,0.429,1.7,2.1,0.816,1.2,5.4,6.5,2.5,1.1,0.5,1.7,3.8,13.8
341,Shavlik Randolph,PF,22,PHI,57,1,487,3.3,7.2,0.454,0,0,,3.3,7.2,0.454,3.2,5.2,0.606,4.1,5.8,9.8,1.4,1.4,0.9,1.6,6.1,9.7
342,Zach Randolph,PF,24,POR,74,71,2545,7.6,17.4,0.436,0.2,0.8,0.291,7.4,16.6,0.443,3.5,4.9,0.714,2.7,5.6,8.4,2,0.8,0.2,2.3,2.6,18.9
343,Theo Ratliff,C,32,POR,55,19,1301,3,5.2,0.571,0,0,,3,5.2,0.571,1.5,2.3,0.651,2.5,5.3,7.7,0.8,0.5,2.4,1.3,4,7.5
344,Željko Rebrača,C,33,LAC,29,2,412,4.5,8.4,0.542,0,0,,4.5,8.4,0.542,2.7,3.6,0.756,1.1,4.5,5.6,0.8,0.4,1.7,2.1,5.2,11.8
345,Michael Redd,SG,26,MIL,80,80,3130,7.8,17.4,0.45,1.9,4.8,0.395,6,12.7,0.471,5.8,6.6,0.877,0.9,3,3.9,2.6,1.1,0.1,2,1.8,23.3
346,Justin Reed,SF,24,TOT,72,6,997,4.3,10.7,0.403,0,0,0,4.3,10.6,0.405,3.1,4.3,0.725,1.9,2.6,4.5,1.5,0.8,0.5,1.9,5.9,11.7
347,Jason Richardson,SG,25,GSW,75,75,2877,8,18,0.446,2.3,6,0.384,5.7,12,0.477,3.5,5.1,0.673,1.3,4.2,5.5,2.9,1.2,0.5,2.1,2.6,21.8
348,Quentin Richardson,SF,25,NYK,55,43,1442,4.1,11.5,0.355,1.6,4.7,0.34,2.5,6.8,0.365,1.5,2.3,0.67,1.6,4.1,5.7,2.2,1,0.1,1.4,3.3,11.3
349,Luke Ridnour,PG,24,SEA,79,77,2625,4.6,11,0.418,0.6,2,0.289,4,8.9,0.448,2.7,3.1,0.877,0.6,2.6,3.2,7.5,1.7,0.3,2.2,2.4,12.5
350,Anthony Roberson,PG,22,MEM,16,0,88,5.7,12.7,0.452,2,4.1,0.5,3.7,8.6,0.429,0.8,0.8,1,0,2.5,2.5,2,0.4,0,1.2,2.5,14.3
351,Lawrence Roberts,C,23,MEM,33,0,181,4,8.8,0.455,0,0.4,0,4,8.4,0.476,2.2,4.6,0.478,5.2,4.6,9.7,1,1.6,0.4,1,6,10.1
352,Bernard Robinson,SF,25,CHA,66,18,1303,4.3,10.1,0.43,0.1,0.6,0.095,4.3,9.5,0.451,2.9,3.7,0.791,1.7,4.3,6.1,2.1,2.2,0.3,2,3.9,11.7
353,Clifford Robinson,PF,39,NJN,80,13,1863,4.2,9.9,0.427,1.2,3.4,0.343,3.1,6.5,0.47,1,1.5,0.658,1.1,4.1,5.2,1.7,0.9,0.8,1.2,4,10.6
354,Nate Robinson,PG,21,NYK,72,26,1544,5.4,13.2,0.407,1.4,3.4,0.397,4,9.8,0.411,3.5,4.7,0.752,1.3,2.6,3.9,3.4,1.4,0,2.7,4.7,15.6
355,Jalen Rose,SF-SG,33,TOT,72,45,1983,5.3,12.4,0.423,1.1,3.1,0.343,4.2,9.3,0.45,4.5,5.8,0.78,0.5,3.3,3.8,3.3,0.5,0.2,2.1,2.8,16.1
356,Malik Rose,PF,31,NYK,72,35,1119,3.4,9,0.374,0,0,1,3.3,9,0.371,3.4,4.4,0.781,2.7,5.6,8.3,2.2,1.4,0.5,2.6,4.7,10.2
357,Quinton Ross,SF,24,LAC,67,45,1515,3.1,7.3,0.422,0,0.2,0,3.1,7.2,0.432,1.4,1.8,0.76,0.9,3.1,4,1.9,1.2,0.4,1.1,3.7,7.5
358,Michael Ruffin,C,29,WAS,76,4,1010,1.2,2.7,0.442,0,0.1,0,1.2,2.7,0.453,1.3,2.6,0.5,4.3,5.3,9.7,1,1.2,1.1,1.4,6.4,3.7
359,Kareem Rush,SG,25,CHA,47,25,1111,5.9,15.2,0.386,1.8,5.3,0.348,4,9.9,0.407,1.8,2.5,0.714,0.6,2.8,3.3,1.6,1.2,0.4,2.1,2.6,15.4
360,Bryon Russell,SF,35,DEN,1,0,3,0,0,,0,0,,0,0,,0,0,,0,12,12,12,0,0,0,0,0
361,John Salmons,SG,26,PHI,82,24,2059,3.8,9.1,0.42,0.5,1.5,0.299,3.4,7.6,0.445,2.7,3.5,0.775,0.8,3,3.8,3.9,1.3,0.2,2.2,3.1,10.8
362,Jamal Sampson,PF,22,SAC,12,0,39,4.6,6.5,0.714,0,0,,4.6,6.5,0.714,0,1.8,0,4.6,12,16.6,4.6,0,3.7,0,4.6,9.2
363,Melvin Sanders,SG,25,SAS,16,0,113,5.1,10.5,0.485,0.6,1,0.667,4.5,9.6,0.467,2.2,3.2,0.7,1.3,6.1,7.3,1,1.6,0,2.5,6.4,13.1
364,Brian Scalabrine,PF,27,BOS,71,1,938,2.8,7.4,0.383,1.2,3.3,0.356,1.7,4.1,0.406,1,1.4,0.722,1,3.3,4.4,2,0.8,0.7,1.9,4.9,7.9
365,Alex Scales,SG,27,SAS,1,0,0,,,,,,,,,,,,,,,,,,,,,
366,Luke Schenscher,C,23,CHI,20,0,149,3.9,6.3,0.615,0,0,,3.9,6.3,0.615,1,3.1,0.308,1.9,5.1,7,1.7,0.2,0.7,1.2,5.1,8.7
367,Ha Seung-Jin,C,20,POR,27,4,212,3.1,5.3,0.581,0,0,,3.1,5.3,0.581,1.4,2.9,0.471,2.4,5.9,8.3,0.2,0.5,1.4,2.4,7,7.5
368,Wayne Simien,PF,22,MIA,43,2,414,5,10.4,0.483,0,0,,5,10.4,0.483,2.6,3,0.882,3.3,4.3,7.7,0.6,1.1,0.1,2.1,6.1,12.7
369,Bobby Simmons,SF,25,MIL,75,74,2538,5.2,11.5,0.453,1.5,3.5,0.42,3.7,7.9,0.468,2.3,2.8,0.825,1.3,3.4,4.7,2.4,1.2,0.3,1.7,3.6,14.2
370,James Singleton,SF,24,LAC,59,10,753,3.7,7.2,0.51,0.5,1,0.5,3.2,6.3,0.511,1.9,2.4,0.78,3,6.4,9.4,1.4,0.9,1,1.3,4.5,9.7
371,Brian Skinner,PF-C,29,TOT,65,5,944,3.1,6.1,0.513,0,0,,3.1,6.1,0.513,1,2.1,0.482,2.9,5.8,8.7,1.1,1,1.6,1.7,4.5,7.3
372,Charles Smith,SG,30,TOT,22,4,210,5.1,12.3,0.417,2.6,6.5,0.395,2.6,5.8,0.441,0.9,1.4,0.625,0.5,2.2,2.7,1.5,0.9,1,0.7,4.8,13.7
373,Donta Smith,SG,22,ATL,23,0,127,4.3,7.7,0.556,0.6,1.1,0.5,3.7,6.5,0.565,1.7,3.4,0.5,0.9,3.1,4,2.6,2.3,0,1.1,5.7,10.8
374,J.R. Smith,SG,20,NOK,55,25,989,5.2,13.3,0.393,1.9,5.1,0.371,3.3,8.2,0.407,3,3.7,0.822,0.7,3.3,4,2.1,1.3,0.1,2,3.3,15.4
375,Joe Smith,PF,30,MIL,44,5,887,5.9,12.4,0.475,0,0.1,0,5.9,12.3,0.479,3.6,4.7,0.774,3.4,6,9.3,1.3,1,0.5,1.6,4.9,15.4
376,Josh Smith,SF,20,ATL,80,73,2559,4.6,10.9,0.425,0.5,1.5,0.309,4.2,9.3,0.444,3,4.1,0.719,2.5,5,7.5,2.7,0.9,2.9,2.3,3.7,12.7
377,Eric Snow,PG,32,CLE,82,82,2351,2.5,6.1,0.409,0,0.2,0.1,2.5,6,0.416,1,1.4,0.688,0.6,2.5,3,5.3,1.2,0.3,1.8,3.3,6
378,Kirk Snyder,SG,22,NOK,68,45,1310,5.6,12.4,0.453,1.3,3.5,0.357,4.4,8.9,0.491,2.4,3.2,0.735,1.5,2.9,4.4,2.8,0.8,0.6,1.9,2.9,14.9
379,Darius Songaila,PF,27,CHI,62,7,1329,6.4,13.3,0.481,0.1,0.1,0.4,6.3,13.2,0.481,2.5,3.1,0.817,2.1,4.6,6.7,2.4,0.9,0.4,2.3,4.3,15.4
380,Pape Sow,C,24,TOR,42,25,590,3.2,7.5,0.431,0,0,,3.2,7.5,0.431,2.5,3.5,0.719,3.3,5.6,8.9,0.5,1.3,1.2,1.8,7.2,9
381,Jerry Stackhouse,SG,31,DAL,55,11,1525,5.7,14.2,0.401,0.8,3.1,0.277,4.9,11.2,0.436,4.6,5.2,0.882,0.8,2.9,3.6,3.8,0.9,0.2,2.9,2.3,16.9
382,DeShawn Stevenson,SG,24,ORL,82,82,2648,4.9,10.6,0.46,0,0.2,0.133,4.9,10.4,0.466,2.4,3.3,0.744,0.8,2.5,3.3,2.2,0.8,0.2,1.7,2.4,12.2
383,Peja Stojaković,SF,28,TOT,71,71,2601,6.2,14.1,0.437,2.2,5.6,0.401,3.9,8.5,0.461,3.3,3.6,0.915,1.1,4.7,5.7,1.9,0.6,0.1,1.4,2.4,17.9
384,Awvee Storey,SF,28,WAS,25,1,116,5,12.7,0.39,0.9,2.2,0.429,4,10.6,0.382,2.5,4.3,0.571,2.5,4.3,6.8,1.2,0.9,0.3,1.6,6.8,13.3
385,Damon Stoudamire,PG,32,MEM,27,27,862,4.8,12,0.397,1.5,4.3,0.346,3.3,7.6,0.426,2.2,2.6,0.855,1,3,4,5.3,0.8,0,2.3,2,13.2
386,Salim Stoudamire,SG,23,ATL,61,1,1236,5.9,14.3,0.415,2.4,6.3,0.38,3.6,8,0.442,2.9,3.2,0.9,0.3,3,3.4,2.2,0.8,0.1,2.4,3.4,17.2
387,Amar'e Stoudemire,C,23,PHO,3,3,50,6.5,19.4,0.333,0,0.7,0,6.5,18.7,0.346,5.8,6.5,0.889,4.3,7.2,11.5,1.4,0.7,2.2,0.7,2.9,18.7
388,Mike Sweetney,C,23,CHI,66,44,1222,5.9,13.1,0.45,0,0,,5.9,13.1,0.45,3.9,6,0.652,3.5,6.8,10.3,1.7,0.6,1.6,2.8,6.2,15.7
389,Robert Swift,C,20,SEA,47,20,987,4.5,8.8,0.515,0,0,,4.5,8.8,0.515,1.9,3.3,0.582,3.4,6.2,9.6,0.3,0.5,2,1.8,5.2,11
390,Stromile Swift,C,26,HOU,66,5,1344,6,12.3,0.491,0,0.1,0,6,12.2,0.493,3.6,5.6,0.651,2.8,5,7.8,0.7,1,1.3,2.4,5.3,15.7
391,Wally Szczerbiak,SF,28,TOT,72,71,2729,6.5,13.3,0.487,1.3,3.4,0.4,5.2,10,0.517,3.7,4.1,0.897,1,3.1,4.1,2.8,0.5,0.3,1.8,2,18
392,Chris Taft,C,20,GSW,17,0,144,5.7,9.5,0.605,0,0,,5.7,9.5,0.605,0.2,1.5,0.167,4.7,4.2,9,0.5,0.5,1.7,0.5,6.2,11.7
393,Donell Taylor,SG,23,WAS,51,1,465,4.1,10.5,0.39,0.3,1.3,0.235,3.8,9.2,0.412,2.3,3.3,0.698,1.2,2.9,4.1,3.5,2.3,0.3,2.6,3.6,10.8
394,Maurice Taylor,PF,29,NYK,67,13,1210,5.4,11.6,0.468,0,0,0,5.4,11.5,0.469,1.7,2.5,0.699,1.9,4.9,6.8,1.6,0.6,0.4,3.1,5.3,12.6
395,Sebastian Telfair,PG,20,POR,68,30,1641,5,12.7,0.394,1.3,3.6,0.352,3.8,9.1,0.411,2.9,3.8,0.743,0.4,2.2,2.6,5.4,1.4,0.1,2.5,3.7,14.1
396,Jason Terry,PG,28,DAL,80,80,2798,6.6,14.1,0.47,2.2,5.4,0.411,4.4,8.8,0.505,2.2,2.7,0.8,0.4,1.6,2,3.9,1.3,0.3,1.7,2.5,17.6
397,Billy Thomas,SG,30,WAS,17,0,131,3.6,11,0.325,2.7,8.2,0.333,0.8,2.7,0.3,0.5,0.5,1,1.4,2.5,3.8,2.5,2.7,0.3,1.6,5.2,10.4
398,Etan Thomas,C,27,WAS,71,9,1121,4.2,7.9,0.533,0,0,,4.2,7.9,0.533,2.4,4,0.6,3.2,5.8,9,0.4,0.6,2.2,1.6,4.8,10.8
399,James Thomas,PF,25,TOT,22,0,150,2.4,4.6,0.526,0,0,,2.4,4.6,0.526,1.9,3.4,0.571,2.9,6.5,9.4,0.2,0,0.7,1.7,8.4,6.7
400,John Thomas,C,30,TOT,16,0,127,1.7,4.3,0.4,0,0,,1.7,4.3,0.4,0.9,1.1,0.75,2.8,2.8,5.7,0.6,0.9,0.6,2.3,4.8,4.3
401,Kenny Thomas,PF,28,SAC,82,55,2293,4.8,9.5,0.505,0,0,0,4.8,9.5,0.506,2.2,3.2,0.676,3.1,6.6,9.7,2.6,1.1,0.6,2.1,3.1,11.7
402,Kurt Thomas,C,33,PHO,53,50,1411,4.8,10,0.486,0,0,,4.8,10,0.486,1.9,2.3,0.815,2.6,8,10.6,1.5,0.6,1.4,1.5,4.9,11.6
403,Tim Thomas,PF-SF,28,TOT,29,10,666,6.1,14.2,0.431,2.5,6,0.414,3.6,8.2,0.444,1.5,2.3,0.667,1.2,5.9,7.1,1.1,0.9,0.4,1.8,4.2,16.2
404,Dijon Thompson,SG,22,PHO,10,0,43,9.2,20.9,0.44,3.3,9.2,0.364,5.9,11.7,0.5,1.7,1.7,1,3.3,5.9,9.2,0.8,2.5,0.8,1.7,5,23.4
405,Jamaal Tinsley,PG,27,IND,42,27,1122,5.1,12.4,0.409,0.5,2.2,0.229,4.6,10.1,0.449,1.9,2.9,0.637,1.1,3.1,4.3,6.8,1.6,0.2,3.5,3.1,12.5
406,Jake Tsakalidis,C,26,MEM,51,19,732,4.9,8.1,0.606,0,0,,4.9,8.1,0.606,2.8,4.3,0.655,3.8,6.6,10.4,0.6,0.7,1.6,1.9,5.3,12.6
407,Nikoloz Tskitishvili,SF-PF,22,TOT,17,0,99,4.7,13.5,0.351,0.4,1.1,0.333,4.4,12.4,0.353,3.3,5.1,0.643,3.3,4.7,8,1.1,0.4,0.7,2.2,2.9,13.1
408,Ronny Turiaf,C,23,LAL,23,1,161,3.4,6.7,0.5,0,0,,3.4,6.7,0.5,3.4,6,0.556,2.5,5.8,8.3,1.8,0.7,2.2,1.6,6.7,10.1
409,Hedo Türkoğlu,SF,26,ORL,78,59,2615,5.5,12.1,0.454,1.6,3.9,0.403,3.9,8.2,0.478,3.5,4.1,0.861,1,3.6,4.6,3,1,0.3,1.8,3.2,16
410,Ime Udoka,SF,28,NYK,8,0,114,2.8,7.6,0.375,0.3,0.9,0.333,2.5,6.6,0.381,0.9,1.9,0.5,0.9,4.4,5.4,1.9,0.3,0,0.6,2.5,6.9
411,Beno Udrih,PG,23,SAS,54,3,586,6.5,14.3,0.455,1.5,4.3,0.343,5,10,0.503,2.4,3.1,0.78,1.1,2.1,3.2,5.7,0.9,0.1,3.3,3.4,16.9
412,Nick Van Exel,PG,34,SAS,65,2,986,5,12.5,0.397,2,5.6,0.357,3,6.9,0.429,1,1.5,0.683,0.2,3.1,3.3,4.5,0.6,0.1,2.1,2.2,13
413,Keith Van Horn,SF,30,DAL,53,0,1090,5.4,12.8,0.424,1.7,4.5,0.368,3.8,8.3,0.454,3.1,3.7,0.832,1.8,4.6,6.3,1.2,1,0.4,2.3,4,15.6
414,Anderson Varejão,C,23,CLE,48,4,760,3.7,7.1,0.527,0,0,0,3.7,7.1,0.53,2.9,5.6,0.513,3.6,7.5,11.1,0.9,1.5,0.9,1.3,5.6,10.4
415,Jacque Vaughn,SG,30,NJN,80,6,1234,3.1,7.1,0.437,0,0.2,0.167,3.1,7,0.444,1.7,2.4,0.728,0.5,2.2,2.7,3.6,1.2,0,1.5,4.1,8
416,Charlie Villanueva,PF,21,TOR,81,36,2361,6.6,14.3,0.463,1.1,3.3,0.327,5.6,11.1,0.503,1.7,2.4,0.706,2.8,5.2,7.9,1.3,0.9,1,1.5,3.8,16.1
417,Jake Voskuhl,C,28,CHA,51,2,818,5,11.5,0.437,0,0.1,0.333,5,11.4,0.438,1.8,2.6,0.683,2.7,5.3,8.1,1.7,1.1,1,1.5,6.9,11.9
418,Jackson Vroman,PF,24,NOK,41,2,406,2.3,5.9,0.394,0,0,,2.3,5.9,0.394,1.9,3.9,0.477,2.9,4.7,7.6,1,1.1,1,1.9,6.9,6.5
419,Sasha Vujačić,PG,21,LAL,82,4,1449,2.7,7.8,0.346,1.5,4.3,0.343,1.2,3.5,0.35,1.1,1.3,0.885,0.8,3.1,4,3.5,1.2,0.1,1.2,3.7,8
420,Dwyane Wade,SG,24,MIA,75,75,2892,8.7,17.6,0.495,0.2,0.9,0.171,8.5,16.6,0.513,7.8,10,0.783,1.3,4,5.4,6.3,1.8,0.7,3.3,2.7,25.4
421,Von Wafer,SG,20,LAL,16,0,73,3,18.7,0.158,1,8.4,0.118,2,10.4,0.19,3,3.9,0.75,2.5,1.5,3.9,2,1.5,0,0.5,5.9,9.9
422,Antoine Walker,PF,29,MIA,82,19,2199,6.4,14.7,0.435,2.2,6.3,0.358,4.2,8.4,0.493,1.3,2.1,0.628,1.7,5.2,6.9,2.7,0.8,0.5,2.5,3.1,16.4
423,Samaki Walker,PF,29,IND,7,0,22,0,3.3,0,0,0,,0,3.3,0,3.3,3.3,1,0,4.9,4.9,0,0,1.6,3.3,11.5,3.3
424,Ben Wallace,C,31,DET,82,82,2890,3,5.8,0.51,0,0,0,3,5.7,0.514,1.5,3.7,0.416,3.7,7.7,11.5,2,1.8,2.3,1.1,2,7.4
425,Gerald Wallace,SF,23,CHA,55,52,1895,6,11.2,0.538,0.3,0.9,0.28,5.8,10.2,0.562,3.6,5.8,0.614,2.3,5.5,7.8,1.8,2.6,2.2,1.9,2.8,15.9
426,Rasheed Wallace,PF,31,DET,80,80,2780,5.9,13.8,0.43,2,5.6,0.357,3.9,8.2,0.48,1.8,2.4,0.743,1.2,5.9,7.1,2.4,1.1,1.7,1.1,3,15.7
427,Matt Walsh,SG,23,MIA,2,0,3,12,12,1,0,0,,12,12,1,0,24,0,0,0,0,0,0,0,12,0,24
428,Luke Walton,SF,25,LAL,69,6,1333,3.6,8.9,0.412,0.5,1.5,0.327,3.2,7.4,0.429,1.5,2.1,0.75,2.4,4.3,6.7,4.2,1.1,0.4,2.1,3.2,9.3
429,Hakim Warrick,PF,23,MEM,68,2,724,5,11.3,0.443,0,0,,5,11.3,0.443,3.8,5.7,0.661,2.1,5,7.2,1.5,0.7,1,2.8,5.6,13.8
430,Earl Watson,PG,26,TOT,70,10,1578,5,11.6,0.43,2.5,6.2,0.404,2.5,5.4,0.46,1.7,2.5,0.676,0.5,3.1,3.6,6.6,1.6,0.2,3.1,3.6,14.2
431,Chris Webber,PF,32,PHI,75,75,2893,7.7,17.7,0.434,0.3,1,0.273,7.4,16.7,0.443,3.3,4.3,0.756,2.3,6.9,9.2,3.2,1.3,0.8,2.3,2.7,18.9
432,Martell Webster,SF,19,POR,61,18,1070,4.7,11.7,0.399,2.2,6.1,0.357,2.5,5.6,0.446,2.1,2.4,0.859,1,3.4,4.4,1.1,0.7,0.5,1.4,3,13.6
433,Bonzi Wells,SG,29,SAC,52,41,1684,6.1,13.1,0.463,0.2,1,0.222,5.9,12.1,0.482,2.8,4.1,0.679,3,5.5,8.6,3.1,2,0.5,2.7,3.3,15.1
434,Jiří Welsch,SF,26,MIL,58,2,866,3.6,9.2,0.387,0.6,2,0.286,3,7.2,0.416,2.7,3.6,0.747,0.9,3.7,4.6,2.6,1.4,0,1.7,2.7,10.4
435,David Wesley,SG,35,HOU,71,59,2372,3.4,8.5,0.403,1.5,4.1,0.365,1.9,4.4,0.438,2.3,2.8,0.807,0.4,2.3,2.7,3.1,0.9,0.1,1.8,3.2,10.7
436,David West,PF,25,NOK,74,74,2526,7.6,14.8,0.512,0,0.2,0.273,7.5,14.6,0.514,2.8,3.4,0.843,2.4,5.4,7.8,1.3,0.9,0.9,1.5,3,18
437,Delonte West,PG,22,BOS,71,71,2418,5,10.2,0.487,1.3,3.2,0.385,3.7,6.9,0.534,1.3,1.5,0.851,0.8,3.5,4.3,4.9,1.3,0.7,2,2.9,12.4
438,Robert Whaley,C,23,UTA,23,0,212,3.9,9.7,0.404,0,0,,3.9,9.7,0.404,0.5,1,0.5,2.7,4.6,7.3,2.9,1.2,1.4,2.4,7,8.3
439,Chris Wilcox,C-PF,23,TOT,77,24,1529,6.1,10.6,0.571,0,0,0,6.1,10.5,0.574,2.6,3.6,0.732,2.8,6.9,9.7,1.2,0.8,0.8,1.7,4.3,14.7
440,Damien Wilkins,SF,26,SEA,82,12,1525,4.6,10.3,0.444,0.3,1.3,0.25,4.2,8.9,0.472,3.2,3.8,0.84,1.9,2.7,4.5,2.5,1.7,0.3,2,3.4,12.7
441,Mike Wilks,PG,26,TOT,47,0,348,3,9.3,0.322,0.3,2,0.158,2.7,7.3,0.366,2.6,4.2,0.61,0.9,3.1,4,3.3,1.4,0.1,2.5,3.5,8.9
442,Aaron Williams,C,34,TOT,48,5,791,4.1,8,0.517,0,0,,4.1,8,0.517,1.8,2.6,0.69,2.9,5.3,8.2,0.8,0.8,1,1.4,6.3,10.1
443,Alvin Williams,PG,31,TOR,1,0,10,0,10.8,0,0,7.2,0,0,3.6,0,3.6,7.2,0.5,0,10.8,10.8,0,0,0,0,0,3.6
444,Deron Williams,PG,21,UTA,80,47,2307,5.3,12.6,0.421,1.4,3.4,0.416,3.9,9.1,0.423,1.5,2.1,0.704,0.5,2.5,3,5.6,0.9,0.3,2.3,3.6,13.5
445,Eric Williams,SF,33,TOR,28,11,352,3,7.7,0.387,0.5,1.8,0.278,2.5,5.8,0.421,2.9,3.9,0.737,1,4.1,5.1,1.5,0.7,0.2,1.5,5.6,9.3
446,Jason Williams,PG,30,MIA,59,56,1874,5.1,11.6,0.442,2.1,5.5,0.372,3.1,6.1,0.506,1.6,1.9,0.867,0.1,2.6,2.7,5.5,1,0.1,1.9,1.9,14
447,Lou Williams,PG,19,PHI,30,0,145,5.7,12.9,0.442,0.5,2.2,0.222,5.2,10.7,0.488,2,3.2,0.615,0.7,4,4.7,2.5,1.2,0,3.2,3.2,13.9
448,Marvin Williams,PF,19,ATL,79,7,1952,4.3,9.8,0.443,0.2,1,0.245,4.1,8.8,0.464,3.5,4.7,0.747,2.3,4.8,7.1,1.2,0.9,0.4,1.5,4.2,12.4
449,Mo Williams,PG,23,MIL,58,12,1531,6.3,14.8,0.424,1.7,4.5,0.382,4.6,10.3,0.443,2.3,2.7,0.85,0.7,2.7,3.4,5.4,1.2,0.2,2.5,3.4,16.5
450,Corliss Williamson,SF,32,SAC,37,0,362,4.3,10.2,0.417,0.2,0.2,1,4.1,10,0.406,3.8,4.9,0.776,2.1,4.6,6.7,1.4,0.7,0.4,3,5.6,12.5
451,Loren Woods,C,27,TOR,27,4,324,3.1,6.6,0.475,0,0.1,0,3.1,6.4,0.483,0.7,1.6,0.429,4.9,7.3,12.2,0.4,1,2.6,1.8,5.4,6.9
452,Qyntel Woods,SF,24,NYK,49,16,1013,4.6,9,0.508,0.8,2.1,0.367,3.8,6.9,0.552,1.7,2.7,0.645,1.6,5.2,6.8,1.7,1.1,0.5,2.2,3.4,11.7
453,Metta World Peace,SF,26,TOT,56,56,2207,5.7,14.1,0.404,1.3,4.1,0.308,4.4,10,0.443,3.4,5,0.675,1.2,3.4,4.7,3.3,2,0.7,2.1,2.7,16.1
454,Antoine Wright,SG,21,NJN,39,0,370,2.8,7.9,0.358,0.1,1.5,0.067,2.7,6.4,0.424,1.1,2.1,0.5,0.8,2.1,2.9,1.2,0.4,0.3,2,4.1,6.8
455,Bracey Wright,SG,21,MIN,7,0,135,5.6,13.6,0.412,1.6,4.5,0.353,4,9.1,0.441,3.7,4.3,0.875,0.8,4,4.8,1.3,0.3,0,2.1,2.1,16.5
456,Dorell Wright,SF,20,MIA,20,2,132,5.5,11.7,0.465,0.8,1.6,0.5,4.6,10.1,0.459,4.1,4.6,0.882,0.5,8.2,8.7,2.2,0.8,0.3,3.8,3.3,15.8
457,Lorenzen Wright,C,30,MEM,78,58,1689,4.1,8.7,0.478,0,0,0,4.1,8.6,0.48,1.4,2.5,0.564,3,5.4,8.4,1,1.1,1,1.4,4.3,9.7
458,Derrick Zimmerman,PG,24,NJN,2,0,32,2.3,3.4,0.667,0,0,,2.3,3.4,0.667,0,0,,1.1,3.4,4.5,7.9,0,0,4.5,4.5,4.5